Rk,Player,Season,Age,Tm,Lg,G,MP,TS%,GS,MP,PER,3PAr,FTr,ORB%,DRB%,TRB%,AST%,STL%,BLK%,TOV%,USG%,ORtg,DRtg,OWS,DWS,WS,WS/48,OBPM,DBPM,BPM,VORP
1,Arron Afflalo\afflaar01,2013-14,28,ORL,NBA,73,35.0,.574,73,2552,16.0,.297,.332,1.4,10.2,5.8,16.9,0.7,0.1,11.2,23.3,110,112,4.3,1.0,5.3,.099,1.7,-2.3,-0.6,0.9
2,Alexis Ajinca\ajincal01,2013-14,25,NOP,NBA,56,17.0,.589,30,951,14.6,.004,.269,11.3,22.7,16.9,6.6,1.3,4.1,18.4,16.3,110,107,1.2,0.9,2.1,.104,-1.5,0.8,-0.7,0.3
3,Ray Allen\allenra02,2013-14,38,MIA,NBA,73,26.5,.590,9,1936,12.8,.569,.214,1.6,11.4,6.7,11.1,1.5,0.4,12.4,16.8,111,109,2.5,1.5,4.1,.101,1.3,-1.2,0.1,1.0
4,Chris Andersen\anderch01,2013-14,35,MIA,NBA,72,19.4,.683,0,1396,18.5,.044,.615,12.1,21.7,17.1,2.1,1.2,6.1,13.2,13.8,130,102,3.8,2.2,6.0,.205,0.1,1.5,1.6,1.3
5,Carmelo Anthony\anthoca01,2013-14,29,NYK,NBA,77,38.7,.561,77,2982,24.4,.253,.329,5.6,19.4,12.3,15.8,1.7,1.5,9.5,32.4,113,108,8.1,2.5,10.7,.172,4.6,-1.0,3.6,4.2
6,Trevor Ariza\arizatr01,2013-14,28,WAS,NBA,77,35.4,.590,77,2723,15.8,.518,.226,4.1,16.3,10.1,10.8,2.4,0.6,12.3,17.8,113,104,4.3,3.7,8.0,.141,2.3,1.1,3.4,3.6
7,D.J. Augustin\augusdj01,2013-14,26,TOT,NBA,71,27.3,.569,9,1939,16.2,.462,.316,0.9,6.7,3.8,28.9,1.5,0.1,13.3,22.4,113,105,3.8,2.4,6.2,.154,2.6,-2.2,0.4,1.2
8,Jeff Ayres\pendeje02,2013-14,26,SAS,NBA,73,13.0,.605,10,952,11.1,.000,.316,11.0,19.2,15.3,8.6,0.7,1.9,24.1,12.4,110,103,1.0,1.4,2.4,.121,-1.6,2.1,0.5,0.6
9,Nicolas Batum\batumni01,2013-14,25,POR,NBA,82,36.0,.589,82,2956,15.8,.491,.248,4.3,17.8,11.1,20.9,1.3,1.3,18.6,16.5,113,106,4.8,3.1,7.9,.128,2.4,1.8,4.2,4.6
10,Michael Beasley\beaslmi01,2013-14,25,MIA,NBA,55,15.1,.559,2,831,16.8,.152,.223,4.9,20.5,13.0,8.8,1.5,2.2,12.8,25.7,103,105,0.5,1.1,1.6,.092,-2.2,-1.2,-3.5,-0.3
11,Marco Belinelli\belinma01,2013-14,27,SAS,NBA,80,25.2,.605,25,2016,15.0,.422,.188,1.0,11.2,6.3,13.2,1.3,0.3,11.2,19.0,114,105,3.5,2.4,5.9,.140,1.9,-0.3,1.7,1.9
12,Bismack Biyombo\biyombi01,2013-14,21,CHA,NBA,77,13.9,.606,9,1072,13.3,.000,.618,11.0,27.6,19.3,1.1,0.3,6.3,17.9,9.6,115,99,1.1,2.1,3.2,.144,-4.7,2.2,-2.5,-0.1
13,DeJuan Blair\blairde01,2013-14,24,DAL,NBA,78,15.6,.557,13,1214,17.3,.005,.308,13.3,21.6,17.5,8.9,2.5,1.4,14.7,19.6,110,105,1.8,1.5,3.4,.133,-0.2,0.8,0.6,0.8
14,Andrew Bogut\bogutan01,2013-14,29,GSW,NBA,67,26.4,.610,67,1769,17.0,.000,.171,11.4,29.7,20.7,9.3,1.3,5.2,19.4,12.4,115,96,2.4,4.0,6.5,.176,-1.2,5.6,4.4,2.8
15,Matt Bonner\bonnema01,2013-14,33,SAS,NBA,61,11.3,.582,0,690,11.2,.598,.073,2.7,17.9,10.6,6.1,1.1,1.2,8.6,12.1,114,103,0.8,1.0,1.8,.123,-0.4,0.7,0.3,0.4
16,Trevor Booker\booketr01,2013-14,26,WAS,NBA,72,21.6,.563,45,1553,15.0,.005,.189,10.9,17.5,14.1,6.3,1.4,2.4,11.7,14.4,114,104,2.3,2.0,4.3,.132,-1.1,1.3,0.2,0.8
17,Chris Bosh\boshch01,2013-14,29,MIA,NBA,79,32.0,.597,79,2531,19.0,.229,.285,5.1,20.3,13.0,5.8,1.7,2.7,10.4,22.6,112,104,4.6,3.4,8.0,.152,0.5,0.0,0.5,1.6
18,Elton Brand\brandel01,2013-14,34,ATL,NBA,73,19.4,.561,15,1414,14.0,.006,.283,8.0,21.5,14.8,8.1,1.4,4.9,13.8,13.9,110,103,1.4,2.1,3.6,.121,-2.7,3.1,0.5,0.9
19,Jose Calderon\caldejo01,2013-14,32,DAL,NBA,81,30.5,.596,81,2468,15.2,.568,.084,1.4,7.6,4.5,22.4,1.4,0.4,11.7,16.2,120,112,5.4,0.8,6.3,.122,3.3,-2.0,1.3,2.1
20,DeMarre Carroll\carrode01,2013-14,27,ATL,NBA,73,32.1,.575,73,2341,13.9,.417,.220,5.3,14.5,10.0,8.9,2.3,0.7,10.1,15.2,113,106,3.2,2.6,5.8,.119,1.0,1.1,2.1,2.4
21,Mario Chalmers\chalmma01,2013-14,27,MIA,NBA,73,29.8,.567,73,2178,14.0,.404,.291,2.5,9.6,6.2,24.3,2.9,0.6,20.4,17.4,108,106,2.4,2.5,4.8,.106,1.0,0.2,1.2,1.7
22,Tyson Chandler\chandty01,2013-14,31,NYK,NBA,55,30.2,.615,55,1662,16.4,.003,.481,10.9,27.0,18.7,5.5,1.2,3.4,15.4,12.9,120,106,3.1,1.9,4.9,.143,-0.6,1.8,1.3,1.4
23,Darren Collison\collida01,2013-14,26,LAC,NBA,80,25.9,.575,35,2069,16.2,.272,.323,2.6,7.3,5.0,21.9,2.2,0.6,14.3,19.7,113,107,3.8,2.0,5.9,.136,1.4,-0.4,1.0,1.6
24,Nick Collison\collini01,2013-14,33,OKC,NBA,81,16.7,.599,0,1353,11.8,.071,.386,10.2,14.1,12.2,10.9,1.1,1.7,20.1,11.6,117,106,2.0,1.6,3.6,.128,-0.5,1.1,0.6,0.9
25,DeMarcus Cousins\couside01,2013-14,23,SAC,NBA,71,32.4,.555,71,2298,26.1,.006,.500,10.6,30.5,20.4,17.8,2.4,3.2,14.7,32.7,107,101,4.1,3.8,7.9,.166,1.9,2.9,4.7,3.9
26,Jamal Crawford\crawfja01,2013-14,33,LAC,NBA,69,30.3,.556,24,2094,17.3,.441,.318,1.9,6.4,4.2,17.4,1.4,0.4,10.5,27.2,110,109,3.8,1.5,5.3,.122,2.7,-2.6,0.2,1.2
27,Stephen Curry\curryst01,2013-14,25,GSW,NBA,78,36.5,.610,78,2846,24.1,.445,.252,1.8,10.9,6.4,39.9,2.2,0.4,16.1,28.3,117,104,9.3,4.0,13.4,.225,7.4,0.0,7.4,6.7
28,Samuel Dalembert\dalemsa01,2013-14,32,DAL,NBA,80,20.2,.605,68,1614,16.8,.003,.363,14.4,24.2,19.4,3.4,1.3,4.8,17.1,14.8,117,105,2.9,2.1,4.9,.147,-0.9,1.5,0.6,1.1
29,Anthony Davis\davisan02,2013-14,20,NOP,NBA,67,35.2,.582,66,2358,26.5,.009,.438,10.0,23.3,16.6,8.0,2.0,6.7,8.3,25.2,119,104,7.2,3.2,10.4,.212,2.3,2.2,4.5,3.9
30,Boris Diaw\diawbo01,2013-14,31,SAS,NBA,79,25.0,.578,24,1974,14.1,.193,.159,4.4,13.8,9.3,16.3,1.1,1.2,16.3,17.0,109,104,2.3,2.6,4.9,.120,0.2,1.4,1.6,1.8
31,Goran Dragic\dragigo01,2013-14,27,PHO,NBA,76,35.1,.604,75,2668,21.4,.274,.381,2.9,7.4,5.2,28.1,2.0,0.6,14.3,24.5,119,109,8.4,2.0,10.3,.186,4.9,-1.1,3.9,4.0
32,Andre Drummond\drumman01,2013-14,20,DET,NBA,81,32.3,.599,81,2619,22.6,.003,.427,17.5,27.7,22.3,2.2,2.0,4.0,10.7,16.7,121,104,6.4,3.5,9.9,.182,1.1,0.5,1.6,2.4
33,Kevin Durant\duranke01,2013-14,25,OKC,NBA,81,38.5,.635,81,3122,29.8,.291,.477,2.2,18.6,10.8,26.7,1.7,1.5,12.2,33.0,123,104,14.8,4.4,19.2,.295,8.4,0.4,8.8,8.5
34,Kenneth Faried\farieke01,2013-14,24,DEN,NBA,80,27.2,.573,77,2178,19.8,.004,.379,11.8,22.2,16.9,7.5,1.6,2.3,12.4,21.3,113,106,4.0,2.5,6.5,.144,0.3,0.9,1.2,1.8
35,Derrick Favors\favorde01,2013-14,22,UTA,NBA,73,30.2,.556,73,2201,19.0,.001,.380,10.1,23.7,16.7,7.3,1.8,3.8,12.9,20.8,108,107,2.9,2.3,5.1,.112,-0.8,1.4,0.7,1.5
36,Randy Foye\foyera01,2013-14,30,DEN,NBA,81,30.7,.558,78,2485,13.3,.569,.211,1.6,8.5,5.0,17.7,1.3,1.2,13.2,18.8,110,111,3.3,1.3,4.6,.089,1.9,-1.0,0.9,1.8
37,Manu Ginobili\ginobma01,2013-14,36,SAS,NBA,68,22.8,.590,3,1550,20.0,.411,.300,2.3,12.0,7.3,29.0,2.3,0.8,16.4,24.7,112,103,3.3,2.4,5.7,.176,3.6,0.4,4.0,2.4
38,Marcin Gortat\gortama01,2013-14,29,WAS,NBA,81,32.8,.568,80,2655,17.6,.001,.273,8.7,25.1,16.7,8.4,0.8,3.8,11.8,18.2,112,103,4.1,4.0,8.1,.146,-1.1,2.1,1.0,2.0
39,Danny Green\greenda02,2013-14,26,SAS,NBA,68,24.3,.580,59,1651,13.9,.630,.125,1.8,13.4,7.8,8.9,2.0,2.7,12.5,16.7,107,101,1.4,2.8,4.2,.122,1.2,2.1,3.3,2.2
40,Gerald Green\greenge01,2013-14,28,PHO,NBA,82,28.4,.585,48,2330,16.5,.507,.229,2.3,10.9,6.6,8.6,1.5,1.4,11.6,23.6,112,108,4.2,1.9,6.1,.126,2.4,-1.4,1.0,1.8
41,Blake Griffin\griffbl01,2013-14,24,LAC,NBA,80,35.8,.583,80,2863,23.9,.032,.496,7.7,21.2,14.7,19.2,1.6,1.4,11.9,29.0,114,103,8.1,4.1,12.2,.205,3.0,1.6,4.6,4.8
42,Tyler Hansbrough\hansbty01,2013-14,28,TOR,NBA,64,15.3,.562,4,978,14.2,.010,.944,14.2,20.0,17.1,2.7,1.5,1.6,14.5,15.1,116,104,1.7,1.4,3.0,.149,-1.7,-0.2,-1.8,0.0
43,James Harden\hardeja01,2013-14,24,HOU,NBA,73,38.0,.618,73,2777,23.5,.401,.552,2.6,10.7,6.9,27.3,2.1,0.8,15.0,27.8,120,107,10.1,2.7,12.8,.221,6.2,-0.5,5.7,5.4
44,George Hill\hillge01,2013-14,27,IND,NBA,76,32.0,.563,76,2434,13.4,.422,.286,2.6,10.1,6.5,17.2,1.6,0.7,11.7,14.8,115,102,3.8,4.0,7.8,.154,1.0,1.4,2.4,2.7
45,Jordan Hill\hilljo01,2013-14,26,LAL,NBA,72,20.8,.579,32,1500,19.3,.002,.347,13.8,24.3,19.0,5.9,0.9,3.1,11.1,19.7,115,108,3.1,1.3,4.4,.141,-0.5,-0.2,-0.7,0.5
46,Dwight Howard\howardw01,2013-14,28,HOU,NBA,71,33.7,.600,71,2396,21.3,.009,.798,11.4,27.9,20.1,9.3,1.2,4.0,17.5,24.0,109,101,4.0,4.1,8.0,.161,-0.3,2.2,1.9,2.4
47,Serge Ibaka\ibakase01,2013-14,24,OKC,NBA,81,32.9,.576,81,2666,19.6,.061,.203,10.0,19.6,15.0,5.2,0.7,6.7,10.3,19.8,115,102,5.2,4.4,9.6,.173,-0.4,2.3,1.9,2.6
48,Andre Iguodala\iguodan01,2013-14,30,GSW,NBA,63,32.4,.570,63,2040,13.7,.382,.288,2.9,12.6,7.8,18.2,2.3,0.7,16.2,13.3,113,103,2.7,3.1,5.8,.135,0.5,2.5,3.0,2.6
49,LeBron James\jamesle01,2013-14,29,MIA,NBA,77,37.7,.649,77,2902,29.3,.226,.432,3.6,18.9,11.5,32.0,2.2,0.8,14.4,31.0,121,105,12.3,3.7,15.9,.264,8.0,0.9,8.9,8.0
50,Richard Jefferson\jefferi01,2013-14,33,UTA,NBA,82,27.0,.573,78,2213,11.8,.460,.248,0.9,10.8,5.7,9.6,1.3,0.5,11.5,16.9,109,114,2.3,0.4,2.7,.058,0.3,-1.7,-1.4,0.3
51,Jonas Jerebko\jerebjo01,2013-14,26,DET,NBA,64,11.6,.577,0,741,13.4,.356,.284,7.2,19.3,12.9,7.8,1.4,0.6,15.5,16.0,111,110,1.0,0.5,1.4,.092,-0.7,-1.4,-2.1,0.0
52,Amir Johnson\johnsam01,2013-14,26,TOR,NBA,77,28.8,.592,72,2214,15.4,.108,.234,9.0,17.6,13.3,8.7,1.3,3.2,15.4,16.4,112,104,3.2,3.1,6.3,.136,0.2,2.4,2.6,2.6
53,Joe Johnson\johnsjo02,2013-14,32,BRK,NBA,79,32.6,.564,79,2575,15.5,.397,.192,2.2,10.3,6.3,15.0,1.0,0.3,9.8,22.3,110,112,3.9,1.0,4.9,.091,2.0,-2.2,-0.1,1.2
54,Terrence Jones\joneste01,2013-14,22,HOU,NBA,76,27.3,.577,71,2078,19.1,.142,.274,9.2,18.5,14.1,7.0,1.3,3.5,8.2,18.3,119,105,4.6,2.7,7.3,.169,0.9,1.3,2.2,2.2
55,DeAndre Jordan\jordade01,2013-14,25,LAC,NBA,82,35.0,.630,82,2870,18.2,.000,.726,13.3,29.3,21.6,3.7,1.4,5.4,15.3,12.4,121,98,5.3,5.8,11.1,.186,-0.1,4.2,4.1,4.4
56,Cory Joseph\josepco01,2013-14,22,SAS,NBA,68,13.8,.558,19,936,14.7,.143,.362,4.0,8.7,6.4,17.2,1.9,1.1,12.3,16.9,115,104,1.6,1.3,2.9,.148,0.0,0.6,0.6,0.6
57,Kyle Korver\korveky01,2013-14,32,ATL,NBA,71,33.9,.653,71,2408,13.5,.644,.154,1.1,12.4,6.8,13.3,1.5,0.8,13.6,14.2,118,108,3.9,2.0,5.9,.118,2.0,0.2,2.2,2.5
58,Courtney Lee\leeco01,2013-14,28,TOT,NBA,79,25.0,.574,47,1973,13.8,.316,.182,1.7,9.5,5.6,9.3,1.7,1.2,9.9,17.0,113,107,2.8,1.9,4.7,.114,0.5,-0.1,0.4,1.2
59,David Lee\leeda02,2013-14,30,GSW,NBA,69,33.2,.566,67,2288,19.1,.001,.302,8.8,21.6,15.3,10.9,1.0,0.9,12.0,24.3,111,103,4.1,3.5,7.6,.160,-0.1,0.8,0.8,1.6
60,Kawhi Leonard\leonaka01,2013-14,22,SAS,NBA,66,29.1,.602,65,1923,19.4,.282,.195,4.6,18.9,12.1,10.4,3.0,1.9,10.3,18.3,116,98,3.8,3.9,7.7,.193,2.3,3.4,5.8,3.8
61,Damian Lillard\lillada01,2013-14,23,POR,NBA,82,35.8,.568,82,2937,18.6,.425,.327,1.3,9.2,5.3,25.1,1.1,0.5,11.5,25.0,116,110,7.8,1.8,9.6,.157,4.4,-1.7,2.7,3.5
62,Jeremy Lin\linje01,2013-14,25,HOU,NBA,71,28.9,.572,33,2054,14.3,.346,.400,2.0,7.8,5.1,22.3,1.6,1.0,18.4,20.4,109,109,2.8,1.6,4.4,.103,0.6,-1.0,-0.4,0.8
63,Robin Lopez\lopezro01,2013-14,25,POR,NBA,82,31.7,.605,82,2603,17.7,.002,.376,13.6,15.3,14.5,4.2,0.5,3.7,10.1,14.0,128,107,7.0,2.6,9.5,.176,1.4,1.6,3.0,3.3
64,Kevin Love\loveke01,2013-14,25,MIN,NBA,77,36.3,.591,77,2797,26.9,.355,.445,8.5,29.5,18.7,21.4,1.0,1.0,10.3,28.8,120,104,10.6,3.7,14.3,.245,7.2,1.2,8.4,7.3
65,Kyle Lowry\lowryky01,2013-14,27,TOR,NBA,79,36.2,.567,79,2862,20.1,.463,.356,3.6,11.5,7.5,34.7,2.2,0.4,13.4,22.9,118,106,8.4,3.3,11.7,.197,5.8,0.1,5.9,5.7
66,Cartier Martin\martica01,2013-14,29,TOT,NBA,59,14.7,.562,6,870,11.0,.572,.246,1.7,12.8,7.3,5.9,1.6,0.6,10.4,17.1,104,108,0.5,0.8,1.3,.070,-1.2,-1.5,-2.8,-0.2
67,Wesley Matthews\matthwe02,2013-14,27,POR,NBA,82,33.9,.588,82,2780,15.7,.506,.298,2.0,9.1,5.6,10.9,1.4,0.4,8.8,19.6,118,110,6.3,1.9,8.2,.142,3.4,-0.9,2.4,3.1
68,Jodie Meeks\meeksjo01,2013-14,26,LAL,NBA,77,33.2,.601,70,2556,14.7,.453,.289,1.3,6.9,4.1,8.5,2.1,0.1,9.9,19.1,112,113,3.8,0.7,4.5,.084,2.2,-1.4,0.7,1.8
69,C.J. Miles\milescj01,2013-14,26,CLE,NBA,51,19.3,.569,34,984,16.0,.516,.183,2.0,9.9,5.9,9.1,2.4,1.3,9.1,22.0,111,107,1.5,0.9,2.5,.122,2.0,-1.2,0.7,0.7
70,Mike Miller\millemi01,2013-14,33,MEM,NBA,82,20.8,.619,4,1707,12.5,.526,.126,2.1,12.3,7.2,11.5,0.8,0.2,14.1,14.7,115,109,2.6,1.4,3.9,.111,1.0,-1.0,0.1,0.9
71,Patty Mills\millspa02,2013-14,25,SAS,NBA,81,18.9,.588,2,1527,18.7,.477,.123,2.6,9.6,6.2,15.3,2.3,0.4,8.2,22.6,115,104,3.4,2.1,5.6,.175,3.9,-0.6,3.3,2.0
72,Markieff Morris\morrima02,2013-14,24,PHO,NBA,81,26.6,.564,0,2153,18.4,.128,.387,7.3,18.0,12.6,10.9,1.6,1.8,12.9,23.2,111,106,4.0,2.4,6.4,.143,0.5,0.4,1.0,1.6
73,Anthony Morrow\morroan01,2013-14,28,NOP,NBA,76,18.8,.570,9,1426,13.9,.375,.167,2.3,9.2,5.7,6.7,1.4,0.7,8.4,19.4,112,113,2.1,0.3,2.4,.081,0.8,-3.1,-2.4,-0.1
74,Timofey Mozgov\mozgoti01,2013-14,27,DEN,NBA,82,21.6,.584,30,1770,16.7,.044,.477,10.4,21.9,16.1,5.5,0.7,4.2,15.6,18.8,111,106,2.6,1.9,4.5,.123,-1.5,1.0,-0.5,0.7
75,Steve Novak\novakst01,2013-14,30,TOR,NBA,54,10.0,.599,1,540,11.1,.836,.041,1.7,10.8,6.3,3.8,1.2,0.6,3.3,12.9,124,108,1.0,0.5,1.4,.127,1.1,-1.7,-0.5,0.2
76,Dirk Nowitzki\nowitdi01,2013-14,35,DAL,NBA,80,32.9,.603,80,2628,23.6,.258,.295,1.8,20.0,10.9,14.2,1.4,1.4,7.5,26.9,120,108,8.6,2.3,10.9,.199,4.1,-0.8,3.3,3.5
77,Chandler Parsons\parsoch01,2013-14,25,HOU,NBA,74,37.6,.565,74,2783,15.9,.356,.224,2.9,12.8,8.2,17.3,1.6,0.8,11.7,19.3,114,108,5.1,2.5,7.6,.131,2.2,0.4,2.6,3.2
78,Chris Paul\paulch01,2013-14,28,LAC,NBA,62,35.0,.580,62,2171,25.9,.244,.397,2.0,11.4,6.9,48.9,3.5,0.1,12.4,23.7,125,103,9.0,3.2,12.2,.270,6.8,0.6,7.4,5.2
79,Nikola Pekovic\pekovni01,2013-14,28,MIN,NBA,54,30.8,.582,54,1663,20.7,.000,.355,13.1,17.6,15.3,5.2,0.9,1.1,9.4,22.9,117,108,4.3,1.5,5.9,.169,1.4,-1.2,0.2,0.9
80,Paul Pierce\piercpa01,2013-14,36,BRK,NBA,75,28.0,.595,68,2098,16.8,.421,.435,1.5,18.3,9.9,14.5,2.2,1.2,15.3,22.4,109,106,2.9,2.3,5.2,.119,1.3,0.2,1.5,1.8
81,Mason Plumlee\plumlma01,2013-14,23,BRK,NBA,70,18.2,.670,22,1275,19.0,.010,.646,9.3,19.6,14.5,8.1,2.0,3.6,16.6,17.1,121,104,3.0,1.7,4.7,.176,0.5,1.9,2.4,1.4
82,Pablo Prigioni\prigipa01,2013-14,36,NYK,NBA,66,19.4,.642,27,1283,13.0,.733,.063,3.2,8.8,5.9,25.6,2.8,0.1,23.4,9.3,127,110,2.5,0.9,3.4,.127,1.5,-0.9,0.6,0.8
83,Mike Scott\scottmi01,2013-14,25,ATL,NBA,80,18.5,.559,6,1482,15.3,.318,.210,4.9,17.2,11.1,8.9,1.0,0.4,10.3,23.5,105,108,1.3,1.2,2.6,.084,-0.7,-2.3,-3.0,-0.4
84,Kyle Singler\singlky01,2013-14,25,DET,NBA,82,28.5,.574,36,2337,11.8,.409,.306,5.2,9.2,7.1,4.7,1.3,1.3,10.4,14.0,117,113,3.6,0.7,4.4,.090,0.7,-0.8,-0.1,1.1
85,Tiago Splitter\splitti01,2013-14,29,SAS,NBA,59,21.5,.572,50,1271,16.5,.009,.500,11.4,20.5,16.1,10.1,1.2,1.8,15.1,17.7,114,102,2.3,2.1,4.3,.163,-0.1,2.1,1.9,1.3
86,Lance Stephenson\stephla01,2013-14,23,IND,NBA,78,35.3,.564,78,2752,14.7,.280,.226,4.1,18.1,11.4,22.1,1.0,0.2,18.0,19.4,106,101,2.6,4.8,7.4,.130,0.7,1.7,2.3,3.0
87,Greg Stiemsma\stiemgr01,2013-14,28,NOP,NBA,55,18.3,.584,20,1007,9.7,.008,.262,8.2,18.0,13.0,5.0,1.8,4.7,24.4,8.1,107,107,0.5,1.0,1.5,.072,-2.3,2.9,0.6,0.7
88,Amar'e Stoudemire\stoudam01,2013-14,31,NYK,NBA,65,22.6,.596,21,1466,18.8,.000,.364,8.7,17.2,12.8,4.2,0.8,2.2,12.3,23.4,112,110,2.9,0.9,3.8,.124,-0.8,-2.3,-3.1,-0.4
89,Mirza Teletovic\teletmi01,2013-14,28,BRK,NBA,72,19.4,.559,7,1396,14.3,.660,.117,5.2,17.6,11.4,7.1,1.1,1.4,8.8,20.5,108,109,1.6,1.1,2.7,.094,1.5,-2.0,-0.5,0.5
90,Isaiah Thomas\thomais02,2013-14,24,SAC,NBA,72,34.7,.574,54,2497,20.5,.332,.371,2.1,7.5,4.7,32.2,1.9,0.3,14.3,26.3,114,111,6.4,1.3,7.7,.149,5.0,-2.1,2.9,3.1
91,Hollis Thompson\thompho01,2013-14,22,PHI,NBA,77,22.6,.570,41,1742,9.5,.449,.196,4.4,11.2,7.7,6.1,1.5,0.5,12.9,11.3,110,112,1.4,0.6,2.0,.055,-1.8,-1.2,-3.0,-0.4
92,Anthony Tolliver\tollian01,2013-14,28,CHA,NBA,64,20.3,.605,9,1298,11.0,.805,.134,2.9,11.8,7.3,5.0,0.8,0.9,6.6,12.4,118,107,1.9,1.3,3.2,.117,0.8,-0.5,0.3,0.8
93,Jonas Valanciunas\valanjo01,2013-14,21,TOR,NBA,81,28.2,.579,81,2282,16.1,.001,.385,11.5,25.1,18.2,4.2,0.5,2.5,14.7,18.5,112,104,3.5,3.2,6.7,.141,-1.6,0.2,-1.4,0.3
94,Dwyane Wade\wadedw01,2013-14,32,MIA,NBA,54,32.9,.588,53,1775,22.0,.042,.339,4.4,12.3,8.5,25.5,2.3,1.4,15.5,27.9,110,106,3.5,2.0,5.5,.149,1.9,0.3,2.3,1.9
95,Martell Webster\webstma02,2013-14,27,WAS,NBA,78,27.7,.591,13,2157,11.5,.634,.213,2.0,10.1,6.0,6.7,1.0,0.6,8.3,14.7,116,108,3.3,1.7,5.0,.112,1.0,-1.1,-0.1,1.0
96,Deron Williams\willide01,2013-14,29,BRK,NBA,64,32.2,.564,58,2059,17.6,.374,.302,0.9,8.9,4.9,32.8,2.4,0.5,15.0,21.8,112,109,3.8,1.5,5.4,.125,2.7,-1.5,1.2,1.6
97,Jeff Withey\witheje01,2013-14,23,NOP,NBA,58,11.8,.590,4,684,15.2,.008,.566,8.2,17.4,12.7,5.6,1.1,6.1,11.0,12.0,122,108,1.2,0.6,1.8,.128,-1.4,1.7,0.3,0.4
98,Brandan Wright\wrighbr03,2013-14,26,DAL,NBA,58,18.6,.695,0,1077,23.5,.000,.320,11.0,15.1,13.1,4.7,1.5,4.2,8.5,17.4,135,107,4.1,1.0,5.1,.227,3.1,0.6,3.6,1.5
99,Nick Young\youngni01,2013-14,28,LAL,NBA,64,28.3,.564,9,1810,16.0,.394,.321,1.7,8.1,4.9,9.0,1.2,0.5,8.6,26.8,107,114,2.3,0.3,2.5,.067,1.7,-3.6,-1.9,0.0
100,Tyler Zeller\zellety01,2013-14,24,CLE,NBA,70,15.0,.581,9,1049,15.4,.003,.417,10.8,19.6,15.1,5.6,0.9,3.0,14.9,17.1,112,107,1.5,1.1,2.6,.120,-1.9,0.2,-1.7,0.1
101,Tony Parker\parketo01,2013-14,31,SAS,NBA,68,29.4,.555,68,1997,18.9,.073,.266,1.0,7.5,4.4,31.7,0.9,0.3,12.9,26.5,110,107,3.9,1.9,5.9,.141,1.3,-1.8,-0.5,0.8
102,C.J. Watson\watsocj01,2013-14,29,IND,NBA,63,18.9,.555,5,1193,13.0,.434,.263,1.9,7.4,4.8,14.4,2.6,0.5,13.9,16.6,107,100,1.1,2.1,3.2,.130,-0.3,0.8,0.5,0.7
103,Klay Thompson\thompkl01,2013-14,23,GSW,NBA,81,35.4,.555,81,2868,14.3,.425,.147,1.5,7.9,4.7,10.2,1.3,1.0,9.2,22.6,108,106,3.5,3.2,6.7,.112,1.3,-0.6,0.7,1.9
104,Channing Frye\fryech01,2013-14,30,PHO,NBA,82,28.2,.555,82,2312,13.2,.555,.122,3.6,16.6,10.1,6.4,1.3,2.1,9.8,17.3,111,107,2.9,2.4,5.3,.109,0.9,0.2,1.1,1.8
105,Paul George\georgpa01,2013-14,23,IND,NBA,80,36.2,.555,80,2898,20.1,.367,.341,2.6,17.7,10.5,17.9,2.7,0.6,12.5,28.3,107,97,4.4,6.4,10.8,.178,2.9,1.8,4.7,4.9
106,Tim Hardaway\hardati02,2013-14,21,NYK,NBA,81,23.1,.554,1,1875,12.7,.521,.186,1.2,6.6,3.8,5.8,1.2,0.3,5.9,19.6,112,114,2.7,0.4,3.1,.080,1.3,-3.5,-2.3,-0.1
107,Spencer Hawes\hawessp01,2013-14,25,TOT,NBA,80,30.9,.554,78,2470,15.7,.349,.172,5.6,24.2,14.6,15.8,0.9,3.1,15.4,19.6,105,107,2.2,2.3,4.5,.088,-0.4,0.9,0.5,1.6
108,Ty Lawson\lawsoty01,2013-14,26,DEN,NBA,62,35.8,.554,61,2222,19.0,.251,.504,1.9,8.5,5.2,38.2,2.2,0.3,16.9,22.7,113,110,4.8,1.5,6.3,.136,2.9,-1.2,1.7,2.1
109,Kevin Martin\martike02,2013-14,30,MIN,NBA,68,32.0,.553,68,2177,16.3,.290,.332,1.7,8.7,5.1,9.2,1.5,0.2,8.3,25.0,110,109,3.8,1.5,5.3,.117,1.4,-2.0,-0.6,0.8
110,Terrence Ross\rosste01,2013-14,22,TOR,NBA,81,26.7,.553,62,2159,12.0,.543,.130,2.3,11.3,6.8,6.1,1.5,1.0,10.0,18.6,107,107,2.0,2.2,4.2,.094,0.6,-0.7,-0.1,1.0
111,Jeff Adrien\adrieje01,2013-14,27,TOT,NBA,53,18.1,.553,12,961,17.4,.000,.433,11.8,24.8,18.2,6.8,1.3,3.0,10.6,17.3,114,106,1.6,1.1,2.7,.134,-1.4,0.3,-1.1,0.2
112,James Johnson\johnsja01,2013-14,26,MEM,NBA,52,18.4,.552,4,956,18.5,.282,.292,7.4,13.2,10.3,18.2,2.3,5.0,16.0,20.0,110,101,1.4,1.6,3.0,.150,1.3,3.2,4.5,1.6
113,Kris Humphries\humphkr01,2013-14,28,BOS,NBA,69,19.9,.552,30,1376,18.2,.004,.312,10.2,24.0,16.9,8.2,1.2,3.4,10.9,19.0,113,105,2.3,1.8,4.1,.143,-1.2,1.2,0.0,0.7
114,Marcus Morris\morrima03,2013-14,24,PHO,NBA,82,22.0,.552,1,1800,14.8,.399,.244,5.2,14.6,9.9,7.6,2.0,0.8,11.6,19.9,109,107,2.3,1.8,4.2,.111,0.6,-0.5,0.2,1.0
115,Matt Barnes\barnema02,2013-14,33,LAC,NBA,63,27.5,.552,40,1735,12.0,.537,.171,4.0,14.4,9.3,10.6,1.6,1.2,13.0,16.6,107,106,1.5,2.0,3.5,.097,0.7,0.8,1.5,1.5
116,Jae Crowder\crowdja01,2013-14,23,DAL,NBA,78,16.1,.551,8,1254,11.9,.510,.206,4.3,13.5,8.9,6.7,2.4,1.4,11.3,13.2,110,108,1.2,1.1,2.3,.089,0.0,0.6,0.6,0.8
117,Shaun Livingston\livinsh01,2013-14,28,BRK,NBA,76,26.0,.551,54,1974,14.5,.012,.392,4.1,10.8,7.5,20.1,2.5,1.3,15.5,16.1,111,108,2.6,1.8,4.4,.108,-0.5,1.1,0.6,1.3
118,Corey Brewer\breweco01,2013-14,27,MIN,NBA,81,32.2,.550,81,2609,12.7,.261,.281,2.6,6.2,4.3,7.9,2.9,0.9,10.4,16.5,108,107,2.4,2.7,5.2,.095,0.4,1.3,1.7,2.4
119,Jeremy Evans\evansje01,2013-14,26,UTA,NBA,66,18.3,.549,4,1209,16.2,.006,.226,11.1,18.7,14.8,6.1,1.8,3.0,9.9,15.3,114,109,1.9,1.0,2.8,.112,-0.9,0.8,-0.1,0.6
120,Mike Dunleavy\dunlemi02,2013-14,33,CHI,NBA,82,31.5,.549,61,2584,12.6,.419,.212,2.1,13.0,7.6,12.3,1.3,1.4,11.3,17.0,108,102,2.4,4.1,6.5,.121,-0.3,1.1,0.7,1.8
121,Brandon Bass\bassbr01,2013-14,28,BOS,NBA,82,27.6,.549,73,2266,15.0,.008,.330,7.8,15.9,11.8,6.4,0.8,2.4,10.9,18.2,111,108,3.2,1.9,5.1,.107,-1.3,0.2,-1.2,0.5
122,Ryan Kelly\kellyry01,2013-14,22,LAL,NBA,59,22.2,.548,25,1312,12.6,.383,.364,3.4,14.4,8.9,10.7,1.2,2.5,9.8,15.9,110,111,1.5,0.7,2.2,.081,-0.5,0.3,-0.2,0.6
123,Josh McRoberts\mcrobjo01,2013-14,26,CHA,NBA,78,30.3,.548,78,2360,13.8,.514,.150,4.0,13.8,8.9,21.9,1.3,1.5,12.1,13.4,115,105,3.5,3.0,6.5,.132,1.3,1.6,2.9,2.9
124,Alec Burks\burksal01,2013-14,22,UTA,NBA,78,28.1,.547,12,2193,15.8,.172,.449,3.0,10.7,6.8,16.9,1.7,0.5,13.0,23.9,106,113,2.6,0.6,3.2,.070,0.5,-1.7,-1.2,0.5
125,Lou Williams\willilo02,2013-14,27,ATL,NBA,60,24.1,.547,7,1445,14.2,.469,.363,0.8,9.1,5.0,22.9,1.6,0.2,13.9,20.9,107,109,1.6,1.0,2.6,.087,0.3,-2.1,-1.8,0.1
126,Kelly Olynyk\olynyke01,2013-14,22,BOS,NBA,70,20.0,.546,9,1400,15.2,.227,.243,11.0,18.8,14.8,13.1,1.3,1.5,16.0,21.0,107,107,1.5,1.4,2.9,.101,0.3,0.2,0.5,0.9
127,Mike Conley\conlemi01,2013-14,26,MEM,NBA,73,33.5,.545,73,2446,20.0,.283,.268,2.0,8.4,5.2,30.1,2.4,0.4,11.5,24.6,113,106,5.5,2.7,8.2,.161,4.1,-0.7,3.4,3.3
128,Pero Antic\anticpe01,2013-14,31,ATL,NBA,50,18.5,.545,26,925,11.7,.582,.224,7.2,18.9,13.1,9.8,1.0,1.0,14.5,18.6,103,107,0.5,0.9,1.4,.075,-0.5,-0.9,-1.4,0.1
129,Patrick Beverley\beverpa01,2013-14,25,HOU,NBA,56,31.3,.545,55,1751,12.4,.530,.212,4.9,7.4,6.2,12.8,2.2,1.0,11.2,14.8,115,108,2.7,1.6,4.2,.116,1.9,0.6,2.5,2.0
130,Paul Millsap\millspa01,2013-14,28,ATL,NBA,74,33.5,.545,73,2482,19.8,.202,.373,7.2,21.9,14.6,16.2,2.6,2.5,13.2,25.7,105,102,2.7,4.0,6.7,.129,0.7,2.4,3.1,3.2
131,John Henson\hensojo01,2013-14,23,MIL,NBA,70,26.5,.543,23,1856,17.9,.002,.277,10.2,20.8,15.3,10.9,1.2,5.1,13.7,20.3,106,108,1.7,1.5,3.3,.084,-1.0,1.4,0.3,1.1
132,Doron Lamb\lambdo01,2013-14,22,ORL,NBA,53,13.1,.543,0,695,7.5,.563,.225,1.3,6.7,4.0,9.3,0.8,0.1,13.3,13.3,104,113,0.3,0.2,0.5,.036,-2.2,-2.4,-4.6,-0.4
133,Gerald Wallace\wallage01,2013-14,31,BOS,NBA,58,24.4,.543,16,1416,10.0,.278,.439,2.8,14.5,8.5,14.9,2.7,0.8,26.1,11.6,95,106,-0.3,1.6,1.3,.043,-2.5,2.2,-0.3,0.6
134,Ed Davis\davised01,2013-14,24,MEM,NBA,63,15.2,.542,4,956,15.9,.000,.307,11.4,20.9,16.1,4.5,0.9,3.7,10.8,17.8,110,103,1.2,1.4,2.6,.129,-1.9,0.5,-1.3,0.2
135,Tobias Harris\harrito02,2013-14,21,ORL,NBA,61,30.3,.542,36,1850,16.5,.176,.341,5.4,20.6,13.0,7.7,1.1,1.0,8.7,22.2,108,107,2.4,1.7,4.1,.107,-0.7,-1.0,-1.7,0.1
136,Maurice Harkless\harklma01,2013-14,20,ORL,NBA,80,24.4,.542,41,1950,11.8,.319,.296,4.0,11.4,7.7,6.4,2.5,2.0,13.6,14.8,102,106,0.6,2.1,2.8,.068,-1.6,1.4,-0.1,0.9
137,Derek Fisher\fishede01,2013-14,39,OKC,NBA,81,17.6,.542,0,1428,10.1,.634,.197,1.0,8.3,4.8,11.6,2.5,0.2,11.1,13.7,110,106,1.4,1.7,3.1,.103,0.0,-0.5,-0.5,0.5
138,Perry Jones\jonespe01,2013-14,22,OKC,NBA,62,12.3,.541,7,764,10.1,.337,.232,4.3,12.1,8.4,4.9,0.9,2.0,9.5,12.8,110,107,0.7,0.8,1.5,.094,-2.0,-0.5,-2.5,-0.1
139,Khris Middleton\middlkh01,2013-14,22,MIL,NBA,82,30.0,.541,64,2460,12.5,.340,.160,2.7,12.0,7.2,11.7,1.8,0.7,11.9,19.1,105,113,1.9,0.8,2.7,.053,0.1,-1.6,-1.5,0.3
140,Steven Adams\adamsst01,2013-14,20,OKC,NBA,81,14.8,.541,20,1197,11.2,.000,.735,14.1,17.1,15.6,4.9,1.7,3.9,22.5,11.7,108,102,0.9,1.9,2.9,.114,-2.1,2.4,0.3,0.7
141,Jeff Teague\teaguje01,2013-14,25,ATL,NBA,79,32.2,.541,79,2542,17.1,.216,.362,1.6,7.9,4.7,35.1,1.8,0.5,16.1,25.7,106,109,3.3,1.9,5.2,.098,0.9,-2.0,-1.1,0.6
142,Jared Dudley\dudleja01,2013-14,28,LAC,NBA,74,23.4,.541,43,1729,8.9,.503,.130,2.4,7.7,5.1,8.6,1.2,0.4,10.6,13.5,107,109,1.2,1.2,2.4,.068,-0.3,-0.4,-0.8,0.5
143,P.J. Tucker\tuckepj01,2013-14,28,PHO,NBA,81,30.7,.540,81,2490,13.3,.311,.327,7.3,16.6,11.9,8.1,2.2,0.7,12.7,14.2,113,106,3.3,2.8,6.1,.117,0.7,1.6,2.3,2.7
144,Marvin Williams\willima02,2013-14,27,UTA,NBA,66,25.4,.540,50,1674,14.0,.445,.139,5.5,17.9,11.5,7.7,1.7,1.5,8.7,16.7,110,110,1.9,1.0,2.9,.084,0.5,-0.3,0.2,0.9
145,Rudy Gay\gayru01,2013-14,27,TOT,NBA,73,34.7,.540,73,2531,18.3,.167,.328,5.0,14.8,9.8,15.1,1.9,1.8,14.2,27.6,104,107,2.3,2.5,4.8,.091,0.6,0.3,0.9,1.8
146,Eric Gordon\gordoer01,2013-14,25,NOP,NBA,64,32.1,.540,64,2057,14.9,.316,.273,1.7,7.7,4.7,16.6,1.9,0.5,12.8,23.2,105,113,2.0,0.5,2.5,.058,1.2,-2.5,-1.2,0.4
147,Ramon Sessions\sessira01,2013-14,27,TOT,NBA,83,26.7,.539,19,2214,16.0,.161,.525,1.9,8.6,5.2,25.7,1.2,0.3,13.5,22.7,108,111,3.1,1.2,4.3,.094,0.1,-2.3,-2.2,-0.1
148,Vince Carter\cartevi01,2013-14,37,DAL,NBA,81,24.4,.539,0,1973,15.9,.457,.242,4.0,12.6,8.3,16.5,1.6,1.5,10.7,23.1,109,110,3.0,1.3,4.3,.105,2.2,-1.0,1.1,1.6
149,Ian Mahinmi\mahinia01,2013-14,27,IND,NBA,77,16.2,.538,1,1248,10.2,.005,.767,10.1,12.9,11.6,2.9,1.7,4.4,18.7,11.4,105,97,0.7,2.7,3.3,.129,-3.3,3.6,0.3,0.7
150,Greivis Vasquez\vasqugr01,2013-14,27,TOT,NBA,79,22.5,.537,23,1779,14.1,.439,.164,1.3,10.0,5.6,30.4,0.9,0.2,15.4,21.1,108,110,2.4,1.2,3.6,.097,1.2,-2.6,-1.4,0.3
151,Shawn Marion\mariosh01,2013-14,35,DAL,NBA,76,31.7,.537,76,2409,13.7,.229,.092,6.4,17.4,11.9,7.6,1.9,1.3,11.4,15.7,108,108,2.2,2.1,4.3,.086,0.0,1.1,1.1,1.9
152,Nikola Vucevic\vucevni01,2013-14,23,ORL,NBA,57,31.8,.536,57,1812,18.8,.000,.197,11.5,27.6,19.5,10.2,1.7,2.0,12.9,21.8,106,103,1.8,2.6,4.4,.116,-1.0,1.5,0.5,1.2
153,Tim Duncan\duncati01,2013-14,37,SAS,NBA,74,29.2,.535,74,2158,21.3,.006,.349,8.6,28.3,18.8,16.0,1.0,4.6,13.2,25.2,106,98,2.8,4.6,7.4,.164,-0.9,4.0,3.2,2.8
154,Rashard Lewis\lewisra02,2013-14,34,MIA,NBA,60,16.2,.535,6,971,10.7,.568,.140,3.2,10.7,7.1,8.5,2.9,0.7,12.3,14.1,105,106,0.5,1.1,1.7,.083,-0.2,0.2,0.1,0.5
155,Matthew Dellavedova\dellama01,2013-14,23,CLE,NBA,72,17.7,.534,4,1271,10.7,.524,.162,2.5,8.5,5.4,22.1,1.3,0.3,15.9,13.2,111,111,1.4,0.7,2.1,.078,-0.5,-1.7,-2.1,0.0
156,Andre Miller\millean02,2013-14,37,TOT,NBA,58,16.9,.534,2,982,13.9,.091,.333,3.1,11.7,7.4,29.2,1.7,0.7,18.7,14.5,112,108,1.4,0.8,2.2,.108,-1.3,-0.4,-1.8,0.1
157,Gorgui Dieng\dienggo01,2013-14,24,MIN,NBA,60,13.6,.534,15,818,16.5,.004,.410,13.4,26.9,20.0,7.2,1.8,4.6,16.8,16.8,106,100,0.7,1.5,2.2,.129,-2.4,3.1,0.7,0.5
158,Patrick Patterson\pattepa01,2013-14,24,TOT,NBA,65,23.6,.533,13,1533,14.6,.309,.145,8.8,17.1,12.9,8.5,1.9,1.9,11.1,17.2,109,105,1.8,2.0,3.8,.118,0.4,1.1,1.5,1.3
159,Evan Fournier\fournev01,2013-14,21,DEN,NBA,76,19.8,.533,4,1503,10.3,.436,.226,2.4,12.1,7.3,11.6,1.1,0.3,14.3,19.7,101,111,0.6,0.8,1.4,.043,-0.9,-1.6,-2.5,-0.2
160,Kyrie Irving\irvinky01,2013-14,21,CLE,NBA,71,35.2,.533,71,2496,20.1,.278,.273,2.3,9.5,5.8,31.6,2.2,0.8,12.1,28.2,109,108,4.6,2.1,6.7,.128,4.1,-0.9,3.2,3.3
161,Kevin Seraphin\serapke01,2013-14,24,WAS,NBA,53,10.9,.533,1,578,12.5,.000,.141,10.5,15.3,12.8,4.9,0.3,3.7,14.9,21.5,100,106,0.2,0.6,0.8,.066,-4.1,-1.2,-5.2,-0.5
162,David West\westda01,2013-14,33,IND,NBA,80,30.9,.533,80,2472,17.5,.016,.267,5.7,18.3,12.3,16.1,1.3,2.3,11.2,21.9,108,99,3.1,5.0,8.1,.157,-0.6,2.7,2.0,2.5
163,Andray Blatche\blatcan01,2013-14,27,BRK,NBA,73,22.2,.532,7,1618,18.8,.080,.328,8.9,19.9,14.4,12.8,2.4,2.0,12.5,25.6,104,105,1.6,2.1,3.7,.109,-0.6,0.7,0.1,0.8
164,Al Jefferson\jeffeal01,2013-14,29,CHA,NBA,73,35.0,.532,73,2553,22.7,.011,.201,6.9,28.3,17.5,12.8,1.4,2.4,7.6,29.3,105,100,3.1,4.7,7.8,.146,0.3,1.5,1.8,2.5
165,DeMar DeRozan\derozde01,2013-14,24,TOR,NBA,79,38.2,.532,79,3017,18.4,.149,.448,2.0,11.3,6.6,18.9,1.5,0.7,9.5,28.0,110,107,5.8,3.0,8.8,.141,1.4,-0.7,0.7,2.0
166,Monta Ellis\ellismo01,2013-14,28,DAL,NBA,82,36.9,.532,82,3023,16.8,.164,.336,1.5,9.8,5.6,24.8,2.4,0.6,15.2,26.0,104,109,2.8,2.1,4.9,.078,0.6,-0.6,0.0,1.5
167,Joakim Noah\noahjo01,2013-14,28,CHI,NBA,80,35.3,.531,80,2820,20.0,.003,.419,11.6,24.5,18.2,26.4,1.9,3.3,17.0,18.7,111,96,4.5,6.6,11.2,.190,1.1,5.5,6.6,6.1
168,Tony Allen\allento01,2013-14,32,MEM,NBA,55,23.2,.531,28,1278,15.6,.114,.293,7.3,12.0,9.6,11.7,3.8,1.2,16.2,20.1,102,101,0.5,2.1,2.7,.100,-0.1,2.4,2.3,1.4
169,Greg Monroe\monrogr01,2013-14,23,DET,NBA,82,32.8,.531,82,2690,18.1,.001,.362,9.9,21.6,15.4,10.3,1.7,1.4,12.4,21.4,109,108,3.7,2.3,5.9,.106,0.0,0.4,0.3,1.6
170,James Anderson\anderja01,2013-14,24,PHI,NBA,80,28.9,.530,62,2309,10.9,.490,.148,2.7,11.7,7.0,9.9,1.6,1.0,12.2,15.9,102,112,0.9,0.9,1.9,.039,-1.2,-1.3,-2.5,-0.3
171,Nene Hilario\hilarne01,2013-14,31,WAS,NBA,53,29.4,.530,37,1560,16.6,.008,.448,4.7,17.3,10.9,16.3,2.1,2.5,14.1,24.0,102,103,0.8,2.4,3.2,.098,-1.6,1.8,0.2,0.9
172,Gary Neal\nealga01,2013-14,29,TOT,NBA,52,21.4,.530,3,1114,12.5,.382,.223,1.0,8.3,4.6,13.0,0.8,0.0,11.0,23.8,102,113,0.6,0.3,1.0,.041,-0.6,-4.0,-4.6,-0.7
173,Brian Roberts\roberbr01,2013-14,28,NOP,NBA,72,23.2,.529,42,1667,13.4,.306,.229,1.2,8.4,4.7,22.1,1.3,0.4,12.9,20.0,108,114,2.0,0.2,2.2,.063,0.3,-3.2,-2.9,-0.4
174,Miles Plumlee\plumlmi01,2013-14,25,PHO,NBA,80,24.6,.529,79,1964,14.6,.000,.239,11.3,24.4,17.9,3.3,1.3,3.5,15.4,16.2,104,104,1.2,2.8,4.0,.098,-2.8,1.3,-1.5,0.2
175,Omri Casspi\casspom01,2013-14,25,HOU,NBA,71,18.1,.528,2,1283,12.9,.429,.298,5.1,16.8,11.3,10.5,1.7,0.8,13.4,18.3,105,106,1.0,1.4,2.4,.091,-0.6,-0.2,-0.8,0.4
176,Tristan Thompson\thomptr01,2013-14,22,CLE,NBA,82,31.6,.528,82,2594,14.9,.001,.445,11.4,21.5,16.3,4.5,0.8,1.1,10.6,17.5,110,108,3.4,2.3,5.7,.106,-1.5,-0.5,-2.0,0.0
177,J.R. Smith\smithjr01,2013-14,28,NYK,NBA,74,32.7,.527,37,2421,14.0,.503,.145,1.7,13.1,7.2,15.1,1.4,0.7,9.6,21.6,106,111,2.5,1.2,3.7,.073,1.8,-1.6,0.1,1.3
178,Reggie Jackson\jacksre01,2013-14,23,OKC,NBA,80,28.5,.527,36,2277,15.4,.267,.193,2.2,12.8,7.8,23.1,1.9,0.3,14.5,22.6,105,106,2.3,2.6,4.9,.104,0.1,-0.5,-0.4,0.9
179,Anderson Varejao\varejan01,2013-14,31,CLE,NBA,65,27.7,.527,29,1800,17.0,.015,.294,11.4,28.2,19.6,12.2,2.0,1.8,12.2,14.6,114,103,2.7,2.7,5.4,.144,-0.4,3.0,2.7,2.1
180,Kyle O'Quinn\oquinky01,2013-14,23,ORL,NBA,69,17.2,.526,19,1188,16.5,.008,.224,9.5,25.2,17.3,10.9,1.7,5.8,16.1,18.6,102,101,0.5,2.0,2.5,.101,-3.1,3.6,0.5,0.8
181,Marc Gasol\gasolma01,2013-14,29,MEM,NBA,59,33.4,.526,59,1970,18.2,.015,.339,5.0,20.5,12.7,17.7,1.6,3.2,12.0,21.7,108,102,2.6,3.1,5.6,.137,0.0,2.9,2.9,2.4
182,Wilson Chandler\chandwi01,2013-14,26,DEN,NBA,62,31.1,.526,55,1927,12.4,.476,.206,3.2,13.3,8.2,9.3,1.2,1.2,8.9,19.5,107,110,1.8,1.2,3.1,.076,0.7,-0.6,0.2,1.1
183,Alan Anderson\anderal01,2013-14,31,BRK,NBA,78,22.7,.525,26,1773,9.5,.511,.243,2.7,9.1,5.9,7.3,1.4,0.5,10.4,15.9,103,111,0.8,0.9,1.7,.047,-0.8,-1.4,-2.2,-0.1
184,Taj Gibson\gibsota01,2013-14,28,CHI,NBA,82,28.7,.524,8,2351,16.0,.008,.314,9.8,17.1,13.5,7.3,0.9,3.7,12.8,23.0,102,100,1.4,4.4,5.7,.117,-2.6,1.4,-1.1,0.5
185,John Wall\walljo01,2013-14,23,WAS,NBA,82,36.3,.524,82,2980,19.5,.230,.295,1.5,11.7,6.5,40.5,2.6,1.1,16.3,27.4,106,104,4.0,4.0,7.9,.128,2.4,0.2,2.6,3.4
186,Dorell Wright\wrighdo01,2013-14,28,POR,NBA,68,14.5,.524,13,984,11.9,.680,.232,3.2,17.5,10.5,9.4,1.2,1.1,10.6,16.2,108,107,0.9,1.0,1.9,.091,-0.1,-0.3,-0.4,0.4
187,Enes Kanter\kanteen01,2013-14,21,UTA,NBA,80,26.7,.523,37,2138,15.6,.001,.239,11.6,20.9,16.1,6.4,0.7,1.5,13.3,23.3,102,112,1.3,0.9,2.2,.050,-2.1,-1.8,-3.9,-1.0
188,Derrick Williams\willide02,2013-14,22,TOT,NBA,78,23.3,.524,15,1820,11.5,.205,.537,4.3,15.8,10.0,4.7,1.3,0.9,11.3,16.2,105,109,1.3,1.3,2.6,.068,-2.1,-0.5,-2.6,-0.3
189,Jason Thompson\thompja02,2013-14,27,SAC,NBA,82,24.5,.523,61,2007,11.1,.000,.292,8.5,21.3,14.8,4.1,0.8,2.3,14.5,14.4,103,108,0.9,1.7,2.7,.064,-3.0,0.5,-2.5,-0.3
190,Brandon Knight\knighbr03,2013-14,22,MIL,NBA,72,33.3,.523,69,2400,16.5,.310,.296,2.1,10.3,6.1,26.6,1.5,0.6,13.2,26.8,104,114,2.4,0.4,2.8,.055,2.0,-2.9,-0.9,0.7
191,Shane Battier\battish01,2013-14,35,MIA,NBA,73,20.1,.523,56,1468,8.7,.764,.084,3.0,8.6,5.9,6.0,1.8,2.3,6.9,10.0,110,108,1.0,1.4,2.4,.078,0.1,0.7,0.8,1.1
192,Pau Gasol\gasolpa01,2013-14,33,LAL,NBA,60,31.4,.522,60,1884,19.3,.016,.287,7.0,25.9,16.4,18.7,0.7,3.5,12.4,26.4,102,108,1.3,1.7,3.0,.076,-1.0,1.6,0.6,1.3
193,Wesley Johnson\johnswe01,2013-14,26,LAL,NBA,79,28.4,.522,62,2240,11.0,.416,.118,3.3,13.3,8.3,8.2,1.9,2.5,11.6,15.1,100,110,0.4,1.5,1.9,.041,-1.1,1.3,0.2,1.2
194,Jeremy Lamb\lambje01,2013-14,21,OKC,NBA,78,19.7,.522,0,1538,13.4,.406,.105,2.1,11.3,6.9,11.8,1.8,1.4,8.7,20.1,106,105,1.4,1.8,3.3,.102,-0.3,-0.9,-1.2,0.3
195,Jimmy Butler\butleji01,2013-14,24,CHI,NBA,67,38.7,.522,67,2591,13.5,.346,.488,3.9,10.5,7.2,11.1,2.6,1.1,10.8,16.8,108,100,2.4,4.6,7.1,.131,0.0,2.4,2.4,2.9
196,Francisco Garcia\garcifr01,2013-14,32,HOU,NBA,55,19.7,.521,4,1083,9.3,.656,.065,2.3,9.8,6.3,8.6,1.2,2.3,9.0,13.5,108,108,0.8,0.9,1.8,.078,-0.3,0.1,-0.2,0.5
197,J.J. Hickson\hicksjj01,2013-14,25,DEN,NBA,69,26.9,.521,52,1859,16.2,.012,.443,11.9,24.8,18.3,8.4,1.2,2.0,14.1,20.8,103,106,1.3,2.1,3.3,.086,-1.7,0.8,-0.8,0.6
198,Jeff Green\greenje02,2013-14,27,BOS,NBA,82,34.2,.520,82,2805,13.1,.338,.304,2.1,13.6,7.7,8.4,1.0,1.3,11.1,23.6,102,109,1.3,2.0,3.3,.057,-0.7,-1.3,-2.1,0.0
199,Quincy Acy\acyqu01,2013-14,23,TOT,NBA,63,13.4,.520,0,847,10.1,.106,.376,9.5,19.5,14.4,4.9,1.4,2.5,15.4,10.1,109,107,0.6,0.9,1.5,.086,-2.5,1.4,-1.1,0.2
200,Gordon Hayward\haywago01,2013-14,23,UTA,NBA,77,36.4,.520,77,2800,16.2,.271,.369,2.5,14.0,8.0,24.1,2.1,1.1,15.0,23.1,104,111,2.2,1.5,3.6,.062,1.0,0.0,1.0,2.1
201,Elliot Williams\williel01,2013-14,24,PHI,NBA,67,17.3,.519,2,1157,8.7,.371,.353,2.7,9.7,6.1,9.4,1.5,0.2,14.9,16.7,98,113,0.0,0.3,0.3,.014,-3.2,-2.6,-5.7,-1.1
202,Giannis Antetokounmpo\antetgi01,2013-14,19,MIL,NBA,77,24.6,.518,23,1897,10.8,.282,.483,4.6,16.3,10.2,12.1,1.7,2.6,19.4,15.0,99,110,0.1,1.1,1.2,.031,-2.5,0.7,-1.8,0.1
203,Aaron Brooks\brookaa01,2013-14,29,TOT,NBA,72,21.6,.518,12,1557,12.5,.427,.164,3.1,6.7,4.9,23.3,1.6,0.6,15.8,20.5,105,110,1.3,0.9,2.2,.067,0.4,-1.9,-1.5,0.2
204,Thabo Sefolosha\sefolth01,2013-14,29,OKC,NBA,61,26.0,.517,61,1584,10.4,.447,.203,3.7,11.5,7.8,8.3,2.5,0.9,12.9,11.9,106,104,0.9,2.1,3.0,.092,-0.7,1.5,0.8,1.1
205,Luol Deng\denglu01,2013-14,28,TOT,NBA,63,35.1,.517,63,2213,15.2,.220,.312,5.0,13.4,9.2,14.6,1.5,0.3,10.4,22.3,106,107,2.2,2.3,4.5,.098,0.4,-0.2,0.2,1.2
206,Reggie Evans\evansre01,2013-14,33,TOT,NBA,54,16.6,.516,20,899,11.7,.000,.867,14.8,28.4,21.5,3.5,2.1,0.3,21.9,13.4,102,104,0.3,1.2,1.5,.080,-3.5,-0.1,-3.6,-0.4
207,O.J. Mayo\mayooj01,2013-14,26,MIL,NBA,52,25.9,.516,23,1346,11.2,.413,.160,2.0,8.8,5.3,14.6,1.1,0.8,13.9,23.0,98,115,0.0,0.0,0.1,.002,-0.7,-3.5,-4.2,-0.7
208,Michael Kidd-Gilchrist\kiddgmi01,2013-14,20,CHA,NBA,62,24.2,.516,62,1502,12.0,.025,.521,8.2,16.2,12.2,5.4,1.5,2.1,12.1,15.2,104,103,0.9,2.2,3.1,.098,-2.7,1.7,-0.9,0.4
209,Al-Farouq Aminu\aminual01,2013-14,23,NOP,NBA,80,25.6,.516,65,2045,13.2,.097,.277,7.2,21.2,14.1,8.4,2.1,1.6,13.7,14.3,105,108,1.3,1.8,3.1,.072,-1.4,1.0,-0.3,0.9
210,Jordan Crawford\crawfjo02,2013-14,25,TOT,NBA,81,23.0,.516,35,1859,14.3,.362,.214,1.7,9.5,5.5,25.1,1.3,0.2,13.4,23.7,104,109,1.5,1.4,2.8,.073,0.4,-2.2,-1.8,0.1
211,Rodney Stuckey\stuckro01,2013-14,27,DET,NBA,73,26.7,.516,5,1950,14.0,.103,.342,2.1,7.7,4.7,12.7,1.4,0.4,11.3,24.3,105,113,1.8,0.4,2.2,.053,-1.2,-2.9,-4.1,-1.0
212,Kent Bazemore\bazemke01,2013-14,24,TOT,NBA,67,13.6,.515,15,911,11.2,.373,.318,1.2,12.6,6.9,15.7,2.3,1.0,16.8,22.6,93,108,-0.6,0.8,0.2,.011,-2.1,-0.4,-2.5,-0.1
213,Jameer Nelson\nelsoja01,2013-14,31,ORL,NBA,68,32.0,.515,68,2179,13.9,.523,.150,1.5,10.5,6.0,35.1,1.2,0.2,17.3,20.1,104,111,1.6,1.2,2.8,.062,1.1,-2.2,-1.1,0.5
214,Kosta Koufos\koufoko01,2013-14,24,MEM,NBA,80,16.9,.514,22,1349,16.5,.000,.203,14.0,22.7,18.4,4.7,1.3,4.4,11.8,19.4,106,101,1.3,2.2,3.5,.124,-2.1,1.2,-0.9,0.4
215,Victor Oladipo\oladivi01,2013-14,21,ORL,NBA,80,31.1,.514,44,2487,13.6,.241,.340,1.9,13.1,7.5,21.9,2.7,1.2,19.2,24.4,94,106,-1.4,2.8,1.3,.026,-1.6,0.8,-0.8,0.8
216,E'Twaun Moore\mooreet01,2013-14,24,ORL,NBA,79,19.1,.513,3,1506,11.1,.353,.149,2.2,8.1,5.1,11.8,2.0,0.7,10.2,16.4,102,109,0.6,1.1,1.7,.055,-1.4,-0.8,-2.3,-0.1
217,Robert Sacre\sacrero01,2013-14,24,LAL,NBA,65,16.8,.513,13,1089,12.1,.000,.313,8.0,16.9,12.5,7.0,1.1,3.1,11.4,15.5,105,110,0.7,0.7,1.4,.061,-3.1,0.7,-2.3,-0.1
218,Caron Butler\butleca01,2013-14,33,TOT,NBA,56,25.3,.512,13,1419,12.2,.461,.139,1.7,16.8,9.2,9.6,1.7,1.0,9.5,20.1,102,108,0.6,1.2,1.8,.062,-0.7,-1.4,-2.1,0.0
219,Thaddeus Young\youngth01,2013-14,25,PHI,NBA,79,34.4,.512,78,2718,16.6,.228,.178,6.3,12.8,9.5,11.8,3.0,1.1,10.7,24.1,101,108,1.2,2.3,3.5,.062,0.2,-0.4,-0.2,1.2
220,Marcus Thornton\thornma01,2013-14,26,TOT,NBA,72,24.2,.511,27,1741,12.0,.495,.175,3.7,9.4,6.6,7.3,1.7,0.5,8.9,19.7,103,110,1.0,1.0,2.0,.055,0.1,-1.7,-1.6,0.2
221,Shelvin Mack\macksh01,2013-14,23,ATL,NBA,73,20.4,.510,11,1490,13.2,.367,.148,1.6,10.7,6.2,28.8,1.7,0.1,14.3,19.0,105,109,1.2,1.2,2.3,.074,-0.7,-1.7,-2.4,-0.1
222,Avery Bradley\bradlav01,2013-14,23,BOS,NBA,60,30.9,.510,58,1855,12.7,.242,.136,2.9,11.2,6.9,8.1,1.7,0.5,9.9,23.2,100,109,0.4,1.4,1.8,.046,-1.1,-1.4,-2.5,-0.2
223,Zach Randolph\randoza01,2013-14,32,MEM,NBA,79,34.2,.510,79,2705,18.3,.017,.281,11.6,23.3,17.4,12.7,1.1,0.7,12.0,26.1,105,105,2.9,3.5,6.4,.113,0.1,0.4,0.4,1.7
224,Steve Blake\blakest01,2013-14,33,TOT,NBA,55,27.2,.508,28,1498,11.0,.595,.122,0.9,10.4,5.7,28.8,1.8,0.4,21.5,13.8,103,109,0.7,1.1,1.8,.058,-0.9,-0.7,-1.6,0.2
225,Dion Waiters\waitedi01,2013-14,22,CLE,NBA,70,29.6,.508,24,2072,14.0,.252,.237,1.7,9.0,5.3,18.2,1.6,0.7,12.3,26.9,99,110,0.3,1.3,1.6,.037,-0.2,-1.8,-2.1,0.0
226,Archie Goodwin\goodwar01,2013-14,19,PHO,NBA,52,10.3,.507,0,533,10.3,.216,.329,5.3,13.0,9.2,5.7,1.9,1.6,18.7,19.4,93,107,-0.3,0.5,0.2,.018,-3.9,-0.4,-4.3,-0.3
227,Gerald Henderson\hendege02,2013-14,26,CHA,NBA,77,32.0,.507,77,2461,13.1,.124,.332,1.4,12.9,7.1,13.9,1.1,1.0,9.6,22.1,101,106,0.8,2.8,3.6,.071,-1.7,0.0,-1.7,0.2
228,Jordan Hamilton\hamiljo02,2013-14,23,TOT,NBA,60,17.0,.507,12,1019,12.7,.527,.136,3.5,17.1,10.4,7.9,2.1,1.5,10.4,18.7,102,106,0.4,1.1,1.6,.073,-0.9,-0.1,-1.0,0.3
229,Marreese Speights\speigma01,2013-14,26,GSW,NBA,79,12.4,.507,3,982,15.2,.070,.303,11.4,20.6,16.1,5.3,0.5,2.6,11.6,25.4,102,103,0.6,1.5,2.1,.103,-3.9,-1.3,-5.2,-0.8
230,Mo Williams\willima01,2013-14,31,POR,NBA,74,24.8,.507,0,1834,11.8,.335,.132,2.5,6.4,4.5,26.7,1.5,0.4,17.3,20.5,102,110,1.0,1.2,2.2,.056,-0.2,-1.7,-2.0,0.0
231,LaMarcus Aldridge\aldrila01,2013-14,28,POR,NBA,69,36.2,.507,69,2498,21.8,.011,.253,7.2,25.5,16.5,13.0,1.3,1.9,7.2,29.8,108,104,4.0,3.5,7.5,.144,-0.4,0.7,0.3,1.5
232,Bradley Beal\bealbr01,2013-14,20,WAS,NBA,73,34.7,.507,73,2530,14.3,.299,.164,2.4,10.2,6.3,16.0,1.4,0.6,9.4,24.3,103,107,1.6,2.4,4.0,.076,0.2,-1.3,-1.1,0.5
233,Nick Calathes\calatni01,2013-14,24,MEM,NBA,71,16.5,.506,7,1173,12.3,.196,.232,2.3,11.5,6.9,26.5,3.0,0.6,22.8,17.5,97,104,-0.1,1.6,1.5,.062,-1.9,0.8,-1.1,0.3
234,Luis Scola\scolalu01,2013-14,33,IND,NBA,82,17.1,.505,2,1399,13.4,.013,.243,7.2,23.4,15.7,10.4,1.0,0.9,14.8,23.8,96,99,-0.4,2.8,2.5,.084,-4.3,0.5,-3.8,-0.6
235,Tyreke Evans\evansty01,2013-14,24,NOP,NBA,72,28.2,.504,22,2028,18.4,.106,.346,4.3,15.4,9.8,30.4,2.2,0.9,14.5,27.1,103,110,1.8,1.3,3.1,.073,1.2,-0.4,0.8,1.4
236,Donatas Motiejunas\motiedo01,2013-14,23,HOU,NBA,62,15.4,.504,3,952,10.7,.284,.324,7.4,18.2,13.1,5.5,1.0,1.6,12.7,17.8,101,106,0.3,1.0,1.4,.069,-2.7,-0.8,-3.5,-0.4
237,Luc Mbah a Moute\mbahalu01,2013-14,27,TOT,NBA,64,15.7,.503,7,1003,8.3,.088,.347,6.0,10.1,8.0,5.1,1.5,1.1,15.2,11.2,101,109,0.2,0.8,1.0,.049,-3.0,0.6,-2.4,-0.1
238,Thomas Robinson\robinth01,2013-14,22,POR,NBA,70,12.5,.502,0,873,14.1,.003,.345,13.1,24.6,18.9,6.0,1.3,1.6,14.5,19.7,102,104,0.4,1.2,1.6,.090,-3.1,-0.1,-3.2,-0.3
239,Zaza Pachulia\pachuza01,2013-14,29,MIL,NBA,53,25.0,.502,43,1325,14.0,.003,.372,11.8,17.1,14.4,16.3,1.8,0.9,18.5,17.0,105,111,1.0,0.7,1.7,.060,-1.0,0.3,-0.7,0.4
240,Will Bynum\bynumwi01,2013-14,31,DET,NBA,56,18.8,.502,3,1054,14.4,.144,.281,2.4,8.2,5.1,32.5,1.9,0.5,17.6,23.8,102,112,0.6,0.4,1.0,.047,-0.7,-2.8,-3.5,-0.4
241,Roy Hibbert\hibbero01,2013-14,27,IND,NBA,81,29.7,.499,81,2409,13.5,.007,.357,9.9,15.0,12.5,6.2,0.6,5.7,14.5,19.4,100,98,0.5,5.0,5.4,.108,-3.4,3.3,-0.2,1.1
242,Kemba Walker\walkeke02,2013-14,23,CHA,NBA,73,35.8,.499,73,2614,16.8,.286,.295,1.7,11.6,6.6,29.7,1.7,1.0,11.6,25.8,103,105,1.8,3.3,5.1,.093,1.6,0.2,1.7,2.4
243,Jan Vesely\veselja01,2013-14,23,TOT,NBA,54,14.4,.498,1,776,12.7,.000,.324,11.7,16.1,13.9,4.0,3.4,3.5,15.4,13.2,101,100,0.2,1.4,1.6,.097,-2.7,3.2,0.5,0.5
244,Cody Zeller\zelleco01,2013-14,21,CHA,NBA,82,17.3,.498,3,1416,13.1,.002,.495,9.4,18.8,14.1,10.4,1.5,2.3,15.0,18.9,101,102,0.4,2.2,2.6,.090,-3.2,1.8,-1.3,0.2
245,Draymond Green\greendr01,2013-14,23,GSW,NBA,82,21.9,.498,12,1797,12.7,.359,.268,5.3,19.3,12.4,11.9,2.8,3.0,15.1,14.8,102,98,0.7,3.8,4.5,.119,-1.6,4.4,2.8,2.2
246,Jerryd Bayless\bayleje01,2013-14,25,TOT,NBA,72,23.4,.498,19,1686,12.0,.344,.191,1.5,8.6,5.0,18.5,1.9,0.4,10.9,20.1,103,109,1.1,1.3,2.4,.069,-0.4,-1.4,-1.8,0.1
247,Joel Freeland\freeljo01,2013-14,26,POR,NBA,52,14.0,.498,0,727,11.3,.012,.179,13.2,17.6,15.4,7.1,0.7,2.1,15.5,12.4,109,107,0.7,0.7,1.4,.093,-1.8,1.1,-0.7,0.2
248,Jarrett Jack\jackja01,2013-14,30,CLE,NBA,80,28.2,.498,31,2252,11.5,.265,.213,1.1,10.3,5.6,22.7,1.3,0.8,14.8,17.8,102,110,0.9,1.4,2.3,.049,-1.4,-0.9,-2.3,-0.2
249,Evan Turner\turneev01,2013-14,25,TOT,NBA,81,30.3,.498,56,2457,12.4,.153,.257,2.7,15.7,9.0,17.8,1.3,0.2,14.3,23.2,97,109,-0.5,1.8,1.4,.027,-2.4,-1.3,-3.7,-1.0
250,Norris Cole\coleno01,2013-14,25,MIA,NBA,82,24.6,.497,6,2014,8.8,.348,.136,1.1,8.6,5.0,17.9,2.0,0.2,19.3,15.6,96,108,-0.5,1.7,1.2,.029,-2.2,-0.8,-3.0,-0.5
251,Jared Sullinger\sullija01,2013-14,21,BOS,NBA,74,27.6,.497,44,2041,16.4,.231,.226,13.0,20.6,16.7,10.1,0.9,1.8,10.7,24.1,105,107,1.9,2.0,3.9,.091,0.3,-0.6,-0.3,0.9
252,Kendall Marshall\marshke01,2013-14,22,LAL,NBA,54,29.0,.494,45,1564,12.6,.425,.086,1.0,9.6,5.3,44.3,1.5,0.2,25.6,16.3,101,113,0.6,0.3,0.9,.029,-1.3,-3.2,-4.5,-1.0
253,Kirk Hinrich\hinriki01,2013-14,33,CHI,NBA,73,29.0,.494,61,2116,10.8,.391,.202,1.7,8.5,5.2,22.6,2.0,1.0,15.1,17.3,100,102,0.4,3.3,3.8,.085,-1.3,0.5,-0.8,0.6
254,Tony Wroten\wroteto01,2013-14,20,PHI,NBA,72,24.5,.493,16,1765,12.9,.233,.403,4.1,10.1,7.0,20.9,2.1,0.7,17.7,27.7,92,111,-1.8,0.9,-0.9,-.025,-2.3,-2.3,-4.6,-1.2
255,Toney Douglas\douglto01,2013-14,27,TOT,NBA,51,13.2,.493,17,675,9.2,.537,.179,3.4,11.9,7.8,14.6,1.5,0.6,14.2,16.3,101,107,0.2,0.7,0.9,.061,-1.5,-0.8,-2.3,-0.1
256,Robbie Hummel\hummero01,2013-14,24,MIN,NBA,53,12.4,.492,5,655,9.6,.503,.090,5.7,16.6,11.0,5.0,1.2,0.2,5.2,12.6,110,108,0.6,0.6,1.1,.084,-1.4,-0.7,-2.1,0.0
257,Travis Outlaw\outlatr01,2013-14,29,SAC,NBA,63,16.9,.492,4,1065,10.4,.359,.160,3.8,14.2,8.9,7.0,1.0,1.4,6.9,15.5,106,110,0.8,0.6,1.4,.062,-1.6,-0.9,-2.5,-0.1
258,Ricky Rubio\rubiori01,2013-14,23,MIN,NBA,82,32.2,.491,82,2638,15.4,.199,.422,2.5,11.9,7.1,37.8,3.6,0.3,21.8,16.4,106,104,2.2,3.6,5.9,.107,0.0,1.5,1.5,2.3
259,Alonzo Gee\geeal01,2013-14,26,CLE,NBA,65,15.7,.491,24,1020,8.6,.246,.258,3.8,12.8,8.2,6.9,2.0,1.2,14.3,13.4,97,107,-0.1,1.0,0.9,.041,-3.3,0.7,-2.6,-0.2
260,Glen Davis\davisgl01,2013-14,28,TOT,NBA,68,24.4,.491,44,1662,13.1,.019,.231,7.4,16.4,11.9,7.8,1.8,1.4,10.4,19.9,99,106,0.2,1.8,2.0,.058,-2.8,0.3,-2.5,-0.2
261,Carlos Boozer\boozeca01,2013-14,32,CHI,NBA,76,28.2,.489,76,2141,14.4,.002,.197,7.4,25.9,16.8,10.9,1.3,0.8,12.6,26.3,95,98,-0.9,4.3,3.4,.076,-4.0,0.6,-3.4,-0.7
262,Andrew Nicholson\nichoan01,2013-14,24,ORL,NBA,76,15.4,.489,5,1174,9.9,.212,.136,5.1,19.5,12.3,3.5,0.8,1.5,10.3,19.3,95,108,-0.4,1.0,0.6,.025,-4.7,-2.0,-6.7,-1.4
263,Tony Snell\snellto01,2013-14,22,CHI,NBA,77,16.0,.489,12,1231,8.0,.530,.122,1.8,9.6,5.7,9.1,1.3,0.9,11.1,14.9,97,104,-0.1,1.7,1.6,.063,-2.9,-0.2,-3.0,-0.3
264,Nate Wolters\woltena01,2013-14,22,MIL,NBA,58,22.6,.486,31,1309,12.7,.159,.231,2.8,10.5,6.5,23.3,1.4,0.9,11.7,16.8,105,114,0.9,0.2,1.2,.043,-1.4,-2.1,-3.4,-0.5
265,Harrison Barnes\barneha02,2013-14,21,GSW,NBA,78,28.3,.486,24,2204,9.8,.280,.267,3.3,11.9,7.7,7.6,1.5,0.7,10.0,16.8,100,105,0.4,2.8,3.2,.070,-2.3,0.9,-1.4,0.3
266,Brandon Jennings\jennibr01,2013-14,24,DET,NBA,80,34.1,.486,79,2728,15.6,.403,.283,2.2,7.8,4.9,34.4,1.9,0.2,14.4,23.4,106,113,3.0,0.9,3.9,.068,2.1,-2.6,-0.5,1.0
267,Ersan Ilyasova\ilyaser01,2013-14,26,MIL,NBA,55,26.9,.486,47,1478,13.8,.226,.225,8.0,18.8,13.3,8.4,1.6,0.4,8.7,21.3,103,111,0.9,0.8,1.6,.053,-1.1,-2.1,-3.2,-0.5
268,Ben McLemore\mclembe01,2013-14,20,SAC,NBA,82,26.7,.485,55,2187,7.7,.437,.211,2.7,9.5,6.1,5.8,1.0,0.7,11.5,16.9,97,112,-0.1,0.9,0.8,.016,-1.8,-1.3,-3.2,-0.6
269,Kentavious Caldwell-Pope\caldwke01,2013-14,20,DET,NBA,80,19.8,.483,41,1583,9.4,.402,.133,2.5,8.6,5.4,5.0,2.4,0.6,5.4,13.9,106,111,1.0,0.8,1.8,.055,-1.2,-0.8,-2.1,0.0
270,Austin Rivers\riverau01,2013-14,21,NOP,NBA,69,19.4,.482,4,1339,11.6,.209,.365,2.2,9.1,5.6,18.7,1.8,0.6,12.3,21.3,99,113,0.2,0.4,0.6,.023,-1.5,-2.5,-3.9,-0.7
271,Iman Shumpert\shumpim01,2013-14,23,NYK,NBA,74,26.5,.480,58,1962,9.6,.471,.147,4.7,14.0,9.2,9.8,2.5,0.6,13.3,14.1,100,108,0.4,1.6,2.0,.048,-0.8,0.7,-0.1,0.9
272,Michael Carter-Williams\cartemi01,2013-14,22,PHI,NBA,70,34.5,.480,70,2414,15.5,.197,.348,4.3,15.6,9.8,30.2,2.6,1.4,16.9,25.7,96,108,-0.8,2.1,1.3,.026,-0.6,0.4,-0.2,1.1
273,Willie Green\greenwi01,2013-14,32,LAC,NBA,55,15.8,.477,9,869,7.1,.446,.125,1.6,8.2,5.0,8.3,1.3,1.0,10.6,16.3,96,108,-0.2,0.7,0.5,.028,-2.6,-0.8,-3.4,-0.3
274,Raymond Felton\feltora01,2013-14,29,NYK,NBA,65,31.0,.476,65,2017,12.9,.321,.201,3.1,8.6,5.7,28.1,2.1,1.2,16.3,18.2,103,111,1.1,1.1,2.2,.053,-0.1,-0.8,-0.9,0.5
275,Brandon Davies\daviebr01,2013-14,22,PHI,NBA,51,11.3,.476,0,575,7.5,.078,.414,6.9,13.9,10.2,7.1,2.0,1.1,18.8,13.7,93,110,-0.3,0.4,0.1,.008,-5.3,-0.6,-5.9,-0.6
276,Kendrick Perkins\perkike01,2013-14,29,OKC,NBA,62,19.5,.474,62,1207,6.3,.005,.347,8.0,19.9,14.2,7.6,1.1,2.2,28.8,11.5,88,104,-0.9,1.7,0.8,.031,-4.7,2.1,-2.7,-0.2
277,Dante Cunningham\cunnida01,2013-14,26,MIN,NBA,81,20.2,.474,7,1635,12.6,.010,.132,7.3,14.9,11.0,7.7,1.9,2.7,7.2,15.1,104,105,0.9,2.0,2.9,.085,-2.2,2.1,-0.1,0.8
278,Trey Burke\burketr01,2013-14,21,UTA,NBA,70,32.3,.473,68,2262,12.6,.375,.126,1.8,9.0,5.3,29.4,1.0,0.2,12.2,21.8,101,115,1.0,0.0,0.9,.020,0.5,-3.0,-2.5,-0.3
279,J.J. Barea\bareajo01,2013-14,29,MIN,NBA,79,18.6,.471,1,1471,11.6,.352,.152,1.2,10.5,5.7,32.7,0.9,0.0,15.2,23.9,98,110,-0.1,0.9,0.7,.024,-0.9,-2.7,-3.6,-0.6
280,Lavoy Allen\allenla01,2013-14,24,TOT,NBA,65,16.5,.470,2,1072,12.5,.043,.167,11.7,20.0,15.7,10.1,1.1,2.4,12.0,14.6,104,108,0.6,0.9,1.5,.066,-3.1,0.3,-2.8,-0.2
281,Chuck Hayes\hayesch01,2013-14,30,TOT,NBA,61,12.4,.468,1,754,10.0,.008,.192,10.5,21.8,16.1,6.8,2.3,1.3,19.0,10.4,102,103,0.2,1.2,1.4,.086,-3.1,2.5,-0.6,0.3
282,Kevin Garnett\garneke01,2013-14,37,BRK,NBA,54,20.5,.467,54,1109,13.3,.008,.132,6.5,32.1,19.3,12.4,2.0,3.0,15.5,18.9,93,101,-0.7,1.9,1.2,.054,-4.7,2.8,-1.9,0.0
283,Earl Clark\clarkea01,2013-14,26,TOT,NBA,54,14.2,.466,17,768,9.1,.467,.130,3.2,18.2,10.5,3.7,1.1,2.8,10.1,17.9,92,107,-0.4,0.8,0.3,.020,-3.9,-0.9,-4.8,-0.5
284,Josh Smith\smithjo03,2013-14,28,DET,NBA,77,35.5,.463,76,2730,14.1,.215,.244,3.9,17.6,10.4,15.0,1.9,3.2,12.7,24.5,95,108,-1.4,2.5,1.1,.020,-1.7,1.1,-0.6,0.9
285,John Salmons\salmojo01,2013-14,34,TOT,NBA,78,22.1,.462,8,1726,7.8,.395,.126,1.3,9.6,5.5,12.8,1.4,0.9,11.0,12.8,100,108,0.2,1.4,1.7,.046,-2.2,0.1,-2.1,0.0
286,Diante Garrett\garredi02,2013-14,25,UTA,NBA,71,14.8,.459,0,1048,7.1,.362,.045,1.2,9.8,5.3,17.6,2.1,0.4,21.7,15.1,87,113,-1.1,0.3,-0.8,-.036,-4.0,-1.2,-5.2,-0.8
287,Quincy Miller\millequ01,2013-14,21,DEN,NBA,52,15.2,.459,16,789,8.6,.367,.215,4.9,15.2,10.1,4.9,1.4,3.0,14.6,17.7,90,108,-0.7,0.7,0.0,.002,-4.1,0.3,-3.8,-0.4
288,Darrell Arthur\arthuda01,2013-14,25,DEN,NBA,68,17.1,.459,1,1161,9.4,.156,.151,4.8,14.7,9.8,8.0,1.6,3.0,11.7,18.1,94,107,-0.5,1.2,0.7,.029,-3.8,1.0,-2.8,-0.2
289,Luke Ridnour\ridnolu01,2013-14,32,TOT,NBA,61,18.7,.452,14,1141,9.0,.330,.080,2.2,7.6,4.8,24.3,1.5,0.6,16.3,16.1,95,112,-0.3,0.4,0.1,.005,-2.7,-2.4,-5.1,-0.9
290,Alexey Shved\shvedal01,2013-14,25,MIN,NBA,63,10.5,.452,0,664,10.2,.430,.380,3.4,10.1,6.6,14.9,1.9,1.8,14.8,20.8,93,107,-0.4,0.7,0.2,.017,-2.7,-0.4,-3.1,-0.2
291,Tayshaun Prince\princta01,2013-14,33,MEM,NBA,76,25.6,.438,76,1948,8.2,.140,.122,1.9,12.3,7.1,8.9,1.1,0.8,7.3,13.3,97,108,-0.2,1.8,1.5,.038,-3.1,0.6,-2.6,-0.3
292,Ish Smith\smithis01,2013-14,25,PHO,NBA,70,14.4,.438,1,1006,11.7,.082,.139,3.5,10.9,7.2,26.0,2.4,1.0,17.9,15.9,98,107,0.0,1.0,1.0,.048,-2.7,0.5,-2.3,-0.1
293,Anthony Bennett\bennean01,2013-14,20,CLE,NBA,52,12.8,.425,0,663,6.9,.236,.307,8.1,18.4,13.1,4.0,1.6,1.0,15.5,20.3,85,107,-1.1,0.7,-0.4,-.028,-5.8,-1.5,-7.3,-0.9
294,Phil Pressey\pressph01,2013-14,22,BOS,NBA,75,15.1,.390,11,1132,8.8,.419,.178,1.9,8.8,5.3,30.8,3.1,0.3,24.2,14.1,89,107,-1.0,1.1,0.1,.005,-3.7,-0.6,-4.4,-0.7
