Rk,Player,Season,Age,Tm,Lg,G,MP,Ht,GS,MP,FG,FGA,2P,2PA,3P,3PA,FT,FTA,ORB,DRB,TRB,AST,STL,BLK,TOV,PF,PTS,FG%,2P%,3P%,eFG%,FT%,TS%
1,Steven Adams\adamsst01,2015-16,22,OKC,NBA,80,25.2,7-0,80,2014,4.7,7.6,4.7,7.6,0.0,0.0,2.0,3.5,3.9,5.6,9.5,1.1,0.8,1.6,1.5,4.0,11.4,.613,.613,,.613,.582,.621
2,Alexis Ajinca\ajincal01,2015-16,27,NOP,NBA,59,14.6,7-2,17,861,6.3,13.2,6.3,13.1,0.0,0.0,2.2,2.6,3.1,8.1,11.2,1.3,0.8,1.5,2.3,5.6,14.7,.476,.478,.000,.476,.839,.514
3,Cole Aldrich\aldrico01,2015-16,27,LAC,NBA,60,13.3,6-11,5,800,6.0,10.1,6.0,10.1,0.0,0.0,2.7,3.8,3.9,9.1,13.0,2.3,2.1,3.1,2.9,6.3,14.8,.596,.596,,.596,.714,.626
4,LaMarcus Aldridge\aldrila01,2015-16,30,SAS,NBA,74,30.6,6-11,74,2261,8.5,16.6,8.5,16.4,0.0,0.3,4.1,4.8,2.8,7.3,10.1,1.8,0.6,1.3,1.6,2.4,21.2,.513,.521,.000,.513,.858,.565
5,Lavoy Allen\allenla01,2015-16,26,IND,NBA,79,20.2,6-9,28,1599,4.3,8.3,4.3,8.3,0.0,0.0,1.0,1.6,3.6,5.9,9.5,1.7,0.6,0.9,1.6,3.3,9.6,.516,.516,,.516,.630,.532
6,Al-Farouq Aminu\aminual01,2015-16,25,POR,NBA,82,28.5,6-9,82,2341,4.6,11.1,2.7,5.7,1.9,5.4,1.8,2.4,1.5,6.2,7.7,2.1,1.1,0.8,1.8,2.6,12.9,.416,.468,.361,.503,.737,.533
7,Kyle Anderson\anderky01,2015-16,22,SAS,NBA,78,16.0,6-9,11,1245,4.0,8.5,3.6,7.5,0.3,1.1,1.8,2.4,0.7,6.3,7.1,3.6,1.7,0.8,1.7,2.8,10.1,.468,.488,.324,.488,.747,.528
8,Ryan Anderson\anderry01,2015-16,27,NOP,NBA,66,30.4,6-10,7,2008,7.1,16.7,4.8,10.2,2.3,6.4,3.6,4.1,2.3,4.8,7.1,1.3,0.7,0.4,1.6,2.0,20.2,.427,.466,.366,.498,.873,.546
9,Giannis Antetokounmpo\antetgi01,2015-16,21,MIL,NBA,80,35.3,6-11,79,2823,6.5,12.9,6.2,11.5,0.4,1.4,3.8,5.2,1.4,6.4,7.8,4.4,1.2,1.4,2.7,3.3,17.2,.506,.537,.257,.520,.724,.566
10,Darrell Arthur\arthuda01,2015-16,27,DEN,NBA,70,21.7,6-9,16,1516,5.2,11.6,4.2,8.8,1.1,2.8,0.9,1.3,2.0,4.9,7.0,2.3,1.3,1.1,1.6,4.4,12.5,.452,.473,.385,.498,.755,.514
11,Omer Asik\asikom01,2015-16,29,NOP,NBA,68,17.3,7-0,64,1178,3.2,6.0,3.2,6.0,0.0,0.0,1.9,3.4,3.7,9.0,12.7,0.8,0.6,0.7,1.8,3.8,8.2,.533,.533,,.533,.545,.551
12,Aron Baynes\baynear01,2015-16,29,DET,NBA,81,15.2,6-10,1,1233,5.7,11.2,5.7,11.2,0.0,0.1,3.7,4.8,4.1,7.1,11.2,1.5,0.6,1.5,2.0,4.4,15.0,.505,.508,.000,.505,.764,.563
13,Bismack Biyombo\biyombi01,2015-16,23,TOR,NBA,82,22.0,6-9,22,1808,3.1,5.7,3.1,5.7,0.0,0.0,2.8,4.5,3.6,9.4,13.0,0.6,0.4,2.6,1.4,4.5,9.0,.542,.544,.000,.542,.628,.586
14,Nemanja Bjelica\bjeline01,2015-16,27,MIN,NBA,60,17.9,6-10,0,1075,3.7,7.9,2.1,3.7,1.6,4.2,1.3,1.8,1.6,5.4,7.0,2.8,0.9,0.7,1.6,5.2,10.3,.468,.564,.384,.570,.727,.594
15,Andrew Bogut\bogutan01,2015-16,31,GSW,NBA,70,20.7,7-0,66,1451,4.3,6.9,4.3,6.9,0.0,0.0,0.6,1.2,3.0,9.2,12.2,4.0,0.8,2.8,2.1,5.5,9.3,.627,.626,1.000,.629,.480,.623
16,Chris Bosh\boshch01,2015-16,31,MIA,NBA,53,33.5,6-11,53,1778,7.2,15.5,5.6,11.0,1.6,4.5,4.3,5.4,1.0,6.9,7.9,2.6,0.7,0.7,1.6,2.0,20.4,.467,.508,.365,.520,.795,.571
17,Corey Brewer\breweco01,2015-16,29,HOU,NBA,82,20.4,6-9,12,1669,4.6,11.9,3.3,7.1,1.3,4.8,2.3,3.0,0.9,3.4,4.3,2.4,1.8,0.4,1.7,3.6,12.7,.384,.460,.272,.439,.750,.481
18,Clint Capela\capelca01,2015-16,21,HOU,NBA,77,19.1,6-10,35,1471,5.7,9.7,5.7,9.7,0.0,0.0,2.0,5.2,4.7,7.3,12.1,1.2,1.4,2.3,1.5,4.6,13.3,.582,.583,.000,.582,.379,.553
19,Omri Casspi\casspom01,2015-16,27,SAC,NBA,69,27.2,6-9,21,1880,5.7,11.9,3.6,6.7,2.1,5.2,2.0,3.0,1.1,6.7,7.9,1.8,1.1,0.3,1.8,2.9,15.6,.481,.537,.409,.571,.648,.587
20,Willie Cauley-Stein\caulewi01,2015-16,22,SAC,NBA,66,21.4,7-0,39,1412,4.9,8.6,4.9,8.6,0.0,0.1,2.1,3.2,3.4,5.6,9.0,0.9,1.2,1.7,1.2,3.7,11.8,.563,.567,.000,.563,.648,.588
21,Tyson Chandler\chandty01,2015-16,33,PHO,NBA,66,24.5,7-1,60,1618,4.1,7.0,4.1,7.0,0.0,0.0,2.4,3.8,3.9,8.9,12.8,1.4,0.8,1.0,2.1,3.2,10.5,.583,.585,.000,.583,.620,.606
22,Nick Collison\collini01,2015-16,35,OKC,NBA,59,11.8,6-10,4,699,2.6,5.6,2.6,5.5,0.0,0.1,1.2,1.7,3.5,5.3,8.8,2.7,0.8,0.8,2.6,5.5,6.3,.459,.467,.000,.459,.697,.498
23,DeMarcus Cousins\couside01,2015-16,25,SAC,NBA,65,34.6,6-11,65,2246,9.6,21.3,8.5,18.0,1.1,3.4,7.6,10.6,2.5,9.4,12.0,3.4,1.6,1.5,4.0,3.8,28.0,.451,.473,.333,.477,.718,.538
24,Robert Covington\covinro01,2015-16,25,PHI,NBA,67,28.4,6-9,49,1903,5.2,13.5,2.0,4.4,3.2,9.1,2.6,3.3,1.2,6.7,7.9,1.8,2.0,0.8,2.7,4.4,16.2,.385,.452,.353,.504,.791,.543
25,Anthony Davis\davisan02,2015-16,22,NOP,NBA,61,35.5,6-10,61,2164,9.3,18.9,8.7,17.1,0.6,1.8,5.4,7.2,2.2,8.3,10.4,1.9,1.3,2.1,2.0,2.5,24.6,.493,.511,.324,.508,.758,.559
26,Ed Davis\davised01,2015-16,26,POR,NBA,81,20.8,6-10,0,1684,4.4,7.2,4.4,7.2,0.0,0.0,2.4,4.4,4.8,8.0,12.8,1.9,1.2,1.5,1.4,4.3,11.2,.611,.611,,.611,.559,.616
27,Dewayne Dedmon\dedmode01,2015-16,26,ORL,NBA,58,12.2,7-0,20,705,5.1,9.0,5.1,9.0,0.0,0.0,2.9,3.9,3.4,8.2,11.6,0.7,1.1,2.3,1.6,5.6,13.0,.559,.559,,.559,.750,.606
28,Luol Deng\denglu01,2015-16,30,MIA,NBA,74,32.4,6-9,73,2394,5.1,11.2,3.8,7.4,1.3,3.8,2.2,2.9,1.6,5.0,6.7,2.1,1.1,0.4,1.2,1.8,13.7,.455,.513,.344,.514,.755,.549
29,Gorgui Dieng\dienggo01,2015-16,26,MIN,NBA,82,27.1,6-11,39,2220,5.0,9.4,4.9,9.1,0.1,0.3,3.3,4.0,2.5,6.9,9.5,2.3,1.5,1.6,2.3,3.6,13.4,.532,.540,.300,.537,.827,.601
30,Andre Drummond\drumman01,2015-16,22,DET,NBA,81,32.9,6-11,81,2666,7.5,14.3,7.4,14.2,0.0,0.1,2.8,7.9,5.3,10.8,16.2,0.9,1.6,1.5,2.1,3.3,17.7,.521,.522,.333,.522,.355,.499
31,Tim Duncan\duncati01,2015-16,39,SAS,NBA,61,25.2,6-11,60,1536,5.0,10.3,5.0,10.3,0.0,0.0,2.2,3.1,2.7,7.8,10.5,3.8,1.1,1.8,2.1,2.9,12.2,.488,.490,.000,.488,.702,.523
32,Kevin Durant\duranke01,2015-16,27,OKC,NBA,72,35.8,6-9,72,2578,9.7,19.3,7.1,12.6,2.6,6.7,6.2,7.0,0.6,7.6,8.2,5.0,1.0,1.2,3.5,1.9,28.3,.505,.569,.387,.573,.898,.634
33,Derrick Favors\favorde01,2015-16,24,UTA,NBA,62,32.0,6-10,59,1983,7.6,14.7,7.6,14.7,0.0,0.1,3.3,4.6,3.1,6.1,9.1,1.7,1.3,1.7,1.9,2.7,18.4,.515,.518,.000,.515,.709,.551
34,Channing Frye\fryech01,2015-16,32,TOT,NBA,70,17.1,6-11,32,1200,4.6,10.4,1.8,3.4,2.7,7.0,0.9,1.0,1.0,6.0,7.0,2.1,0.9,0.8,1.3,3.8,12.7,.438,.545,.387,.569,.857,.586
35,Danilo Gallinari\gallida01,2015-16,27,DEN,NBA,53,34.7,6-10,53,1839,5.6,13.7,3.9,9.0,1.7,4.7,7.3,8.5,1.0,4.5,5.5,2.6,0.8,0.4,1.5,1.7,20.3,.410,.434,.364,.472,.868,.582
36,Marc Gasol\gasolma01,2015-16,31,MEM,NBA,52,34.4,7-1,52,1791,6.6,14.2,6.6,14.2,0.0,0.1,4.1,4.9,1.2,6.1,7.3,3.9,1.0,1.4,2.4,2.8,17.3,.464,.463,.667,.465,.829,.528
37,Pau Gasol\gasolpa01,2015-16,35,CHI,NBA,72,31.8,7-0,72,2291,7.3,15.6,7.0,14.6,0.4,1.1,3.6,4.5,2.4,10.0,12.5,4.6,0.7,2.3,2.6,2.3,18.7,.469,.478,.348,.481,.792,.529
38,Paul George\georgpa01,2015-16,25,IND,NBA,81,34.8,6-9,81,2819,7.7,18.5,5.0,11.3,2.7,7.2,5.8,6.7,1.0,6.2,7.2,4.2,1.9,0.4,3.4,2.9,23.9,.418,.447,.371,.490,.860,.557
39,Taj Gibson\gibsota01,2015-16,30,CHI,NBA,73,26.5,6-9,55,1936,4.9,9.3,4.9,9.2,0.0,0.1,1.9,2.7,3.8,5.5,9.4,2.0,0.9,1.4,1.5,3.3,11.7,.526,.529,.000,.526,.692,.556
40,Rudy Gobert\goberru01,2015-16,23,UTA,NBA,61,31.7,7-1,60,1932,3.7,6.6,3.7,6.6,0.0,0.0,3.0,5.3,3.9,8.6,12.4,1.7,0.8,2.5,2.1,3.0,10.4,.559,.559,,.559,.569,.582
41,Aaron Gordon\gordoaa01,2015-16,20,ORL,NBA,78,23.9,6-9,37,1863,5.3,11.2,4.5,8.4,0.8,2.7,2.5,3.7,3.0,6.8,9.8,2.5,1.1,1.1,1.3,3.0,13.9,.473,.531,.296,.509,.668,.541
42,Marcin Gortat\gortama01,2015-16,31,WAS,NBA,75,30.1,6-11,74,2256,6.9,12.2,6.9,12.2,0.0,0.0,2.3,3.3,3.5,8.3,11.8,1.7,0.7,1.5,1.9,3.1,16.1,.567,.567,.000,.567,.705,.592
43,JaMychal Green\greenja01,2015-16,25,MEM,NBA,78,18.5,6-9,15,1446,5.7,12.3,5.4,11.2,0.4,1.1,2.6,3.4,3.5,5.8,9.3,1.7,1.1,0.8,2.1,4.7,14.4,.465,.478,.333,.480,.752,.520
44,Jeff Green\greenje02,2015-16,29,TOT,NBA,80,28.2,6-9,41,2253,5.7,13.2,4.6,9.8,1.1,3.4,2.6,3.5,1.2,4.1,5.3,2.2,0.9,0.6,1.5,2.6,15.0,.430,.470,.315,.470,.745,.510
45,Maurice Harkless\harklma01,2015-16,22,POR,NBA,78,18.7,6-9,14,1457,4.8,10.2,3.9,6.7,1.0,3.5,1.7,2.7,2.5,4.4,6.9,1.7,1.2,0.9,1.5,3.1,12.3,.474,.576,.279,.522,.622,.541
46,Spencer Hawes\hawessp01,2015-16,27,CHO,NBA,57,18.2,7-1,6,1035,4.3,10.6,3.0,7.1,1.3,3.5,1.9,2.3,1.8,6.7,8.5,3.8,0.8,0.9,2.0,3.9,11.8,.405,.422,.373,.467,.831,.508
47,John Henson\hensojo01,2015-16,25,MIL,NBA,57,16.8,6-11,1,960,6.1,10.9,6.1,10.9,0.0,0.0,2.6,4.4,3.3,5.0,8.3,2.0,0.7,4.1,2.4,4.9,14.9,.564,.566,.000,.564,.590,.580
48,Roy Hibbert\hibbero01,2015-16,29,LAL,NBA,81,23.2,7-2,81,1878,3.5,7.9,3.5,7.8,0.0,0.0,2.2,2.8,2.5,5.1,7.6,1.8,0.6,2.1,1.5,4.8,9.2,.443,.445,.000,.443,.807,.507
49,Nene Hilario\hilarne01,2015-16,33,WAS,NBA,57,19.2,6-11,11,1094,6.9,12.6,6.9,12.5,0.0,0.1,3.5,6.1,1.7,6.8,8.5,3.2,1.8,0.9,2.5,5.1,17.3,.544,.549,.000,.544,.578,.564
50,Jordan Hill\hilljo01,2015-16,28,IND,NBA,73,20.7,6-10,11,1513,6.6,13.1,6.6,13.0,0.0,0.0,2.1,3.0,3.7,7.0,10.7,2.1,0.9,0.9,2.2,3.7,15.3,.506,.507,.000,.506,.712,.534
51,Richaun Holmes\holmeri01,2015-16,22,PHI,NBA,51,13.8,6-10,1,702,5.8,11.4,5.4,9.1,0.4,2.3,2.6,3.8,3.2,3.7,6.9,1.7,1.0,2.1,1.6,4.7,14.7,.514,.596,.182,.532,.689,.564
52,Al Horford\horfoal01,2015-16,29,ATL,NBA,82,32.1,6-10,82,2631,7.2,14.3,6.0,10.8,1.2,3.5,1.4,1.8,2.0,6.1,8.2,3.6,0.9,1.7,1.5,2.2,17.1,.505,.557,.344,.547,.798,.565
53,Dwight Howard\howardw01,2015-16,30,HOU,NBA,71,32.1,6-11,71,2280,5.9,9.5,5.9,9.4,0.0,0.1,3.7,7.5,3.8,9.4,13.2,1.5,1.1,1.8,2.6,3.5,15.4,.620,.626,.000,.620,.489,.604
54,Serge Ibaka\ibakase01,2015-16,26,OKC,NBA,78,32.1,6-10,78,2500,6.0,12.5,5.1,9.9,0.9,2.6,1.3,1.7,2.0,5.6,7.7,1.0,0.5,2.1,1.6,3.0,14.2,.479,.520,.326,.513,.752,.533
55,Ersan Ilyasova\ilyaser01,2015-16,28,TOT,NBA,74,25.4,6-10,56,1881,5.4,12.7,3.5,7.7,1.8,5.0,2.1,2.9,2.8,5.0,7.7,1.3,1.0,0.6,1.4,3.3,14.7,.424,.458,.371,.496,.721,.526
56,Jonas Jerebko\jerebjo01,2015-16,28,BOS,NBA,78,15.1,6-10,0,1176,3.6,8.8,2.3,5.4,1.3,3.3,1.9,2.4,2.4,6.5,8.8,1.9,0.6,0.7,1.6,4.2,10.4,.413,.421,.398,.488,.782,.531
57,Nikola Jokic\jokicni01,2015-16,20,DEN,NBA,80,21.7,6-10,55,1733,6.4,12.5,5.8,10.7,0.6,1.7,3.2,3.9,3.8,7.9,11.6,3.9,1.6,1.0,2.2,4.3,16.5,.512,.541,.333,.535,.811,.582
58,DeAndre Jordan\jordade01,2015-16,27,LAC,NBA,77,33.7,6-11,77,2598,4.9,7.0,4.9,7.0,0.0,0.0,3.7,8.6,3.7,11.0,14.7,1.2,0.7,2.5,1.5,2.9,13.6,.703,.704,.000,.703,.430,.628
59,Frank Kaminsky\kaminfr01,2015-16,22,CHO,NBA,81,21.1,7-0,3,1708,4.5,11.1,3.1,6.8,1.4,4.3,2.3,3.1,1.5,5.6,7.1,2.1,0.8,0.9,1.2,2.7,12.8,.410,.455,.337,.474,.730,.513
60,Enes Kanter\kanteen01,2015-16,23,OKC,NBA,82,21.0,6-11,1,1721,8.7,15.0,8.5,14.6,0.2,0.4,4.2,5.3,5.2,8.7,13.9,0.7,0.5,0.7,2.4,3.5,21.7,.576,.579,.476,.583,.797,.626
61,Kosta Koufos\koufoko01,2015-16,26,SAC,NBA,78,19.0,7-0,14,1482,5.7,10.8,5.7,10.8,0.0,0.0,1.4,2.5,4.1,6.2,10.3,0.8,1.0,1.7,1.2,4.5,12.9,.532,.532,,.532,.548,.540
62,Joffrey Lauvergne\lauvejo01,2015-16,24,DEN,NBA,59,17.6,6-11,15,1041,6.7,13.1,6.3,11.3,0.4,1.8,2.1,2.4,2.7,7.4,10.0,1.9,0.4,0.5,1.9,4.0,16.1,.513,.557,.245,.530,.899,.567
63,Alex Len\lenal01,2015-16,22,PHO,NBA,78,23.3,7-1,46,1821,5.2,12.3,5.2,12.2,0.0,0.1,3.4,4.7,3.5,8.2,11.7,1.9,0.8,1.2,2.9,4.5,13.9,.423,.426,.143,.424,.728,.482
64,Meyers Leonard\leoname01,2015-16,23,POR,NBA,61,21.9,7-1,10,1333,5.3,11.7,2.9,5.6,2.3,6.2,0.9,1.2,1.4,7.1,8.5,2.5,0.2,0.5,2.1,4.9,13.8,.448,.527,.377,.547,.761,.561
65,Jon Leuer\leuerjo01,2015-16,26,PHO,NBA,67,18.7,6-10,27,1255,6.4,13.4,5.2,10.2,1.2,3.2,2.2,2.9,2.2,8.5,10.7,2.1,1.1,0.9,2.2,3.6,16.3,.481,.511,.382,.526,.762,.555
66,Brook Lopez\lopezbr01,2015-16,27,BRK,NBA,73,33.7,7-0,73,2457,8.7,17.0,8.6,16.7,0.0,0.2,4.6,5.9,3.0,5.4,8.4,2.2,0.8,1.8,2.6,3.2,22.0,.511,.515,.143,.512,.787,.562
67,Robin Lopez\lopezro01,2015-16,27,NYK,NBA,82,27.1,7-0,82,2219,5.8,10.7,5.8,10.7,0.0,0.0,2.1,2.6,4.3,5.4,9.8,1.8,0.3,2.1,2.2,3.0,13.7,.539,.540,.000,.539,.795,.574
68,Kevin Love\loveke01,2015-16,27,CLE,NBA,77,31.5,6-10,77,2424,6.1,14.5,3.7,8.0,2.3,6.5,3.8,4.7,2.2,9.1,11.3,2.8,0.9,0.6,2.1,2.4,18.3,.419,.467,.360,.499,.822,.553
69,Trey Lyles\lylestr01,2015-16,20,UTA,NBA,80,17.3,6-10,33,1382,5.0,11.4,3.7,8.0,1.3,3.3,1.5,2.1,1.5,6.3,7.8,1.5,0.7,0.5,1.7,3.0,12.7,.438,.461,.383,.494,.695,.517
70,Ian Mahinmi\mahinia01,2015-16,29,IND,NBA,71,25.6,6-11,71,1816,5.2,8.9,5.2,8.9,0.0,0.0,2.6,4.5,2.7,7.3,10.1,2.1,1.3,1.5,2.0,4.4,13.1,.589,.589,,.589,.587,.603
71,Nikola Mirotic\mirotni01,2015-16,24,CHI,NBA,66,24.9,6-10,38,1646,5.4,13.3,2.5,5.8,3.0,7.6,3.2,4.0,1.3,6.6,7.9,2.2,1.3,1.0,2.2,3.3,17.0,.407,.430,.390,.518,.807,.564
72,Greg Monroe\monrogr01,2015-16,25,MIL,NBA,79,29.3,6-11,67,2314,7.6,14.6,7.6,14.6,0.0,0.0,3.5,4.8,3.4,7.4,10.8,2.8,1.1,1.0,2.0,2.5,18.8,.522,.522,.000,.522,.740,.562
73,Markieff Morris\morrima02,2015-16,26,TOT,NBA,64,25.5,6-10,45,1629,6.7,15.9,5.7,12.4,1.0,3.4,2.4,3.2,1.6,6.2,7.8,2.7,1.3,0.8,3.0,4.1,16.9,.425,.458,.303,.458,.735,.489
74,Timofey Mozgov\mozgoti01,2015-16,29,CLE,NBA,76,17.4,7-1,48,1326,5.5,9.7,5.5,9.6,0.0,0.2,1.8,2.6,3.0,6.2,9.1,0.9,0.6,1.5,1.9,4.3,12.9,.565,.574,.143,.567,.716,.593
75,Nerlens Noel\noelne01,2015-16,21,PHI,NBA,67,29.3,6-11,62,1965,5.6,10.8,5.6,10.7,0.0,0.0,2.5,4.2,2.8,7.1,9.9,2.2,2.2,1.8,2.9,3.5,13.7,.521,.521,.500,.522,.590,.544
76,Dirk Nowitzki\nowitdi01,2015-16,37,DAL,NBA,75,31.5,7-0,75,2364,7.6,16.9,5.7,11.7,1.9,5.2,3.8,4.3,0.8,6.7,7.4,2.0,0.8,0.8,1.3,2.5,20.9,.448,.483,.368,.504,.893,.555
77,Kyle O'Quinn\oquinky01,2015-16,25,NYK,NBA,65,11.8,6-10,1,764,6.1,12.8,5.8,11.7,0.2,1.0,2.2,2.8,3.6,8.2,11.8,3.4,0.9,2.3,2.9,5.0,14.6,.476,.498,.227,.485,.767,.520
78,Jahlil Okafor\okafoja01,2015-16,20,PHI,NBA,53,30.0,6-11,48,1591,9.0,17.7,9.0,17.5,0.0,0.1,3.0,4.4,2.8,5.7,8.4,1.5,0.5,1.4,2.8,3.2,21.0,.508,.511,.167,.509,.686,.536
79,Kelly Olynyk\olynyke01,2015-16,24,BOS,NBA,69,20.2,7-0,8,1395,6.5,14.3,4.3,8.9,2.2,5.4,2.5,3.3,1.9,5.4,7.3,2.7,1.3,0.9,1.9,4.2,17.7,.455,.486,.405,.531,.750,.561
80,Zaza Pachulia\pachuza01,2015-16,31,DAL,NBA,76,26.4,6-11,69,2004,3.9,8.4,3.9,8.4,0.0,0.1,3.8,5.0,4.5,8.4,12.9,2.3,1.1,0.4,2.1,3.3,11.7,.466,.469,.000,.466,.768,.550
81,Chandler Parsons\parsoch01,2015-16,27,DAL,NBA,61,29.5,6-10,51,1799,6.4,13.0,4.3,8.0,2.1,5.0,1.9,2.7,0.6,5.1,5.7,3.4,0.9,0.4,1.9,2.3,16.7,.492,.540,.414,.571,.684,.589
82,Mason Plumlee\plumlma01,2015-16,25,POR,NBA,82,25.4,6-11,82,2084,4.6,8.9,4.6,8.9,0.0,0.1,3.7,5.8,3.5,7.4,10.8,3.9,1.2,1.5,2.7,4.4,12.9,.516,.520,.000,.516,.642,.564
83,Miles Plumlee\plumlmi01,2015-16,27,MIL,NBA,61,14.3,6-11,14,870,5.8,9.6,5.8,9.6,0.0,0.0,1.4,2.4,3.9,5.7,9.6,0.7,0.9,2.1,1.7,3.0,13.0,.601,.601,,.601,.576,.606
84,Bobby Portis\portibo01,2015-16,20,CHI,NBA,62,17.8,6-11,4,1102,6.1,14.2,5.6,12.5,0.5,1.7,1.6,2.2,4.0,7.0,11.0,1.7,0.8,0.7,1.8,3.3,14.2,.427,.443,.308,.445,.727,.469
85,Kristaps Porzingis\porzikr01,2015-16,20,NYK,NBA,72,28.4,7-3,72,2047,6.6,15.6,5.1,11.3,1.4,4.3,3.5,4.2,2.3,6.9,9.3,1.7,0.9,2.4,2.1,3.6,18.1,.421,.454,.333,.467,.838,.518
86,Dwight Powell\poweldw01,2015-16,24,DAL,NBA,69,14.4,6-11,2,992,5.3,10.7,5.2,10.2,0.1,0.6,3.8,5.2,3.0,6.9,9.9,1.6,1.3,0.9,1.5,4.3,14.5,.493,.514,.125,.497,.739,.557
87,Thomas Robinson\robinth01,2015-16,24,BRK,NBA,71,12.9,6-10,7,917,5.1,11.4,5.1,11.4,0.0,0.0,1.8,4.3,5.3,8.8,14.1,1.8,1.5,1.4,2.7,4.4,12.1,.447,.448,.000,.447,.431,.453
88,Jason Smith\smithja02,2015-16,29,ORL,NBA,76,15.5,7-0,2,1181,7.4,15.3,7.3,14.8,0.1,0.5,1.6,2.0,1.6,5.1,6.7,1.9,1.0,2.0,1.7,5.0,16.6,.485,.493,.250,.489,.806,.513
89,Marreese Speights\speigma01,2015-16,28,GSW,NBA,72,11.6,6-10,0,832,8.5,19.7,7.5,17.0,1.0,2.7,4.1,4.9,3.3,7.0,10.3,2.6,0.8,1.5,2.9,5.1,22.2,.432,.439,.387,.458,.825,.506
90,Amar'e Stoudemire\stoudam01,2015-16,33,MIA,NBA,52,14.7,6-10,36,762,5.9,10.4,5.9,10.4,0.0,0.0,2.4,3.2,3.1,7.4,10.5,1.3,0.9,1.9,2.2,4.3,14.2,.566,.566,,.566,.746,.599
91,Karl-Anthony Towns\townska01,2015-16,20,MIN,NBA,82,32.0,7-0,82,2627,8.6,15.8,8.2,14.6,0.4,1.2,3.1,3.8,3.1,8.6,11.8,2.2,0.8,1.9,2.5,3.4,20.6,.542,.559,.341,.555,.811,.590
92,Myles Turner\turnemy01,2015-16,19,IND,NBA,60,22.8,6-11,30,1367,7.0,14.0,6.9,13.6,0.1,0.4,2.3,3.2,1.8,7.0,8.7,1.1,0.7,2.3,1.8,4.2,16.3,.498,.506,.214,.501,.727,.531
93,Jonas Valanciunas\valanjo01,2015-16,23,TOR,NBA,60,26.0,7-0,59,1557,7.0,12.4,7.0,12.4,0.0,0.0,3.7,4.9,4.3,8.4,12.6,1.0,0.6,1.8,2.0,3.7,17.8,.565,.565,,.565,.761,.610
94,Charlie Villanueva\villach01,2015-16,31,DAL,NBA,62,10.7,6-11,4,665,6.8,17.7,4.2,8.4,2.5,9.3,1.2,1.3,1.3,6.9,8.2,1.3,1.0,0.8,1.7,3.8,17.3,.382,.503,.273,.454,.917,.473
95,Noah Vonleh\vonleno01,2015-16,20,POR,NBA,78,15.1,6-10,56,1174,3.6,8.5,3.3,7.1,0.3,1.4,1.2,1.6,2.8,6.6,9.4,0.9,0.8,0.8,1.5,4.7,8.7,.421,.457,.239,.441,.745,.471
96,Nikola Vucevic\vucevni01,2015-16,25,ORL,NBA,65,31.3,7-0,60,2037,9.4,18.5,9.4,18.3,0.0,0.2,2.0,2.7,3.1,7.1,10.2,3.2,0.9,1.2,2.2,3.1,20.9,.510,.512,.222,.511,.753,.531
97,Hassan Whiteside\whiteha01,2015-16,26,MIA,NBA,73,29.1,7-0,43,2125,7.0,11.6,7.0,11.6,0.0,0.0,3.6,5.6,4.0,10.6,14.7,0.5,0.7,4.6,2.3,3.4,17.6,.606,.606,,.606,.650,.629
98,Jeff Withey\witheje01,2015-16,25,UTA,NBA,51,12.9,7-0,10,658,4.8,8.9,4.8,8.8,0.0,0.1,2.4,3.2,3.1,6.4,9.5,1.1,1.1,2.9,1.5,4.1,11.9,.537,.544,.000,.537,.729,.577
99,Cody Zeller\zelleco01,2015-16,23,CHO,NBA,73,24.3,7-0,60,1774,4.7,8.9,4.7,8.7,0.0,0.2,3.6,4.7,2.8,6.4,9.2,1.4,1.2,1.3,1.4,4.1,12.9,.529,.539,.100,.530,.754,.592
100,Tyler Zeller\zellety01,2015-16,26,BOS,NBA,60,11.8,7-0,3,710,7.0,14.7,7.0,14.7,0.0,0.0,4.5,5.5,3.1,5.9,9.0,1.5,0.5,1.1,2.3,4.9,18.5,.476,.476,,.476,.815,.539
101,Tobias Harris\harrito02,2015-16,23,TOT,NBA,76,33.1,6-9,74,2513,6.0,12.7,4.8,9.3,1.1,3.4,2.9,3.5,1.4,5.9,7.3,2.4,0.9,0.6,1.5,2.2,16.0,.469,.518,.335,.514,.831,.560
102,Kris Humphries\humphkr01,2015-16,30,TOT,NBA,53,15.8,6-9,17,835,5.2,12.7,3.8,8.1,1.5,4.7,2.9,3.6,2.5,6.9,9.4,1.6,0.7,1.0,1.6,4.1,14.8,.410,.465,.315,.468,.798,.517
103,Amir Johnson\johnsam01,2015-16,28,BOS,NBA,79,22.8,6-9,76,1800,5.0,8.5,4.8,7.7,0.2,0.9,1.4,2.4,3.6,6.5,10.1,2.8,1.0,1.7,1.9,4.3,11.5,.585,.624,.233,.596,.570,.602
104,James Johnson\johnsja01,2015-16,28,TOR,NBA,57,16.2,6-9,32,926,4.4,9.3,3.7,6.8,0.8,2.6,1.5,2.6,1.1,3.8,4.9,2.6,1.1,1.3,2.1,3.3,11.2,.475,.540,.303,.517,.574,.532
105,Terrence Jones\joneste01,2015-16,24,HOU,NBA,50,20.9,6-9,11,1044,5.7,12.7,4.9,9.9,0.9,2.7,2.7,4.0,2.1,5.1,7.3,1.4,0.8,1.3,1.7,3.0,15.0,.452,.490,.316,.486,.664,.519
106,David Lee\leeda02,2015-16,32,TOT,NBA,55,16.4,6-9,5,903,7.1,13.4,7.1,13.3,0.0,0.0,2.8,3.7,4.0,8.1,12.2,3.3,0.9,1.1,2.6,4.5,17.0,.531,.533,.000,.531,.763,.568
107,Marcus Morris\morrima03,2015-16,26,DET,NBA,80,35.7,6-9,80,2856,5.2,11.9,3.8,8.2,1.4,3.8,2.6,3.4,1.1,3.9,5.1,2.5,0.8,0.3,1.8,2.1,14.3,.434,.467,.362,.491,.749,.531
108,Larry Nance Jr.\nancela02,2015-16,23,LAL,NBA,63,20.1,6-9,22,1266,4.5,8.5,4.5,8.2,0.0,0.3,0.9,1.3,2.9,6.0,8.9,1.3,1.5,0.7,1.2,3.5,9.9,.527,.541,.100,.528,.681,.544
109,Andrew Nicholson\nichoan01,2015-16,26,ORL,NBA,56,14.7,6-9,0,823,6.4,13.6,4.6,8.6,1.8,5.0,2.2,2.8,1.5,7.3,8.8,1.1,0.4,1.0,1.8,3.0,16.8,.471,.536,.360,.537,.785,.567
110,Johnny O'Bryant\obryajo01,2015-16,22,MIL,NBA,66,13.0,6-9,4,857,3.6,8.8,3.6,8.7,0.0,0.0,1.1,1.7,2.7,4.7,7.4,1.3,0.8,0.3,1.3,4.2,8.4,.411,.409,1.000,.414,.675,.441
111,Patrick Patterson\pattepa01,2015-16,26,TOR,NBA,79,25.6,6-9,0,2020,3.6,8.8,1.7,3.6,1.9,5.2,0.5,0.6,1.4,4.7,6.1,1.7,0.9,0.6,1.2,2.3,9.7,.414,.490,.362,.521,.853,.534
112,Tayshaun Prince\princta01,2015-16,35,MIN,NBA,77,19.0,6-9,44,1462,2.5,5.6,2.4,5.1,0.1,0.6,0.3,0.5,0.8,2.8,3.6,1.8,0.9,0.3,0.7,1.5,5.4,.445,.476,.174,.454,.684,.466
113,Julius Randle\randlju01,2015-16,21,LAL,NBA,81,28.2,6-9,60,2286,5.6,13.1,5.5,12.6,0.2,0.6,3.0,4.3,2.7,10.3,13.1,2.3,0.8,0.5,2.3,3.8,14.5,.429,.436,.278,.435,.715,.482
114,Zach Randolph\randoza01,2015-16,34,MEM,NBA,68,29.6,6-9,53,2016,7.7,16.2,7.6,15.7,0.1,0.5,3.1,3.9,3.2,6.2,9.4,2.5,0.8,0.2,1.9,2.6,18.6,.475,.482,.231,.479,.796,.519
115,JaKarr Sampson\sampsja02,2015-16,22,TOT,NBA,73,15.9,6-9,40,1160,4.3,9.8,3.9,7.9,0.4,2.0,2.5,3.8,1.4,4.5,5.9,1.4,0.7,1.0,2.2,4.4,11.6,.442,.496,.222,.464,.656,.504
116,Luis Scola\scolalu01,2015-16,35,TOR,NBA,76,21.5,6-9,76,1636,5.9,13.2,4.5,9.6,1.4,3.5,1.3,1.8,1.8,6.1,7.9,1.5,1.0,0.6,1.5,3.9,14.6,.450,.467,.404,.504,.726,.523
117,Josh Smith\smithjo03,2015-16,30,TOT,NBA,55,16.0,6-9,7,880,5.2,14.3,3.5,8.4,1.7,5.9,1.5,2.7,2.1,5.8,7.9,3.7,1.4,1.9,3.2,4.8,13.6,.364,.417,.287,.423,.552,.439
118,Jared Sullinger\sullija01,2015-16,23,BOS,NBA,81,23.6,6-9,73,1915,6.6,15.2,6.1,13.2,0.5,1.9,1.9,3.0,3.6,9.0,12.7,3.5,1.4,0.9,1.9,3.9,15.7,.435,.458,.282,.453,.640,.476
119,Mirza Teletovic\teletmi01,2015-16,30,PHO,NBA,79,21.3,6-9,1,1686,7.1,16.6,3.2,6.8,3.9,9.8,2.6,3.3,1.2,5.3,6.4,1.9,0.7,0.4,1.8,3.4,20.6,.427,.476,.393,.544,.774,.571
120,Tristan Thompson\thomptr01,2015-16,24,CLE,NBA,82,27.7,6-9,34,2269,3.9,6.7,3.9,6.7,0.0,0.0,2.4,3.8,4.3,7.5,11.7,1.0,0.6,0.8,1.0,3.2,10.2,.588,.588,,.588,.616,.611
121,David West\westda01,2015-16,35,SAS,NBA,78,18.0,6-9,19,1404,6.3,11.5,6.2,11.3,0.1,0.2,1.6,2.1,1.8,6.1,7.9,3.7,1.1,1.4,1.7,3.6,14.2,.545,.546,.429,.548,.788,.573
122,Marvin Williams\willima02,2015-16,29,CHO,NBA,81,28.9,6-9,81,2338,5.2,11.5,2.9,5.7,2.3,5.8,1.8,2.2,2.0,6.1,8.0,1.7,0.9,1.2,1.0,2.0,14.6,.452,.504,.402,.554,.833,.585
123,Carmelo Anthony\anthoca01,2015-16,31,NYK,NBA,72,35.1,6-8,72,2530,8.1,18.6,6.6,14.2,1.5,4.4,4.8,5.7,1.4,6.5,7.9,4.3,0.9,0.5,2.5,2.6,22.4,.434,.463,.339,.474,.829,.530
124,Trevor Ariza\arizatr01,2015-16,30,HOU,NBA,81,35.3,6-8,81,2859,4.5,10.8,2.2,4.5,2.3,6.3,1.6,2.0,0.8,3.8,4.6,2.4,2.0,0.3,1.4,2.2,12.9,.416,.478,.371,.523,.783,.551
125,Harrison Barnes\barneha02,2015-16,23,GSW,NBA,66,30.9,6-8,59,2042,5.2,11.2,3.8,7.4,1.4,3.8,1.8,2.4,1.4,4.4,5.7,2.1,0.7,0.2,1.0,2.4,13.6,.466,.508,.383,.531,.761,.559
126,Brandon Bass\bassbr01,2015-16,30,LAL,NBA,66,20.3,6-8,0,1342,4.7,8.5,4.7,8.5,0.0,0.1,3.4,4.0,2.8,4.9,7.6,2.0,0.9,1.5,1.1,3.4,12.7,.549,.552,.000,.549,.845,.619
127,Nicolas Batum\batumni01,2015-16,27,CHO,NBA,70,35.0,6-8,70,2448,5.5,12.8,3.4,7.0,2.0,5.9,2.4,2.8,0.8,5.5,6.3,5.9,1.0,0.6,3.0,1.7,15.4,.426,.492,.348,.506,.849,.546
128,Bojan Bogdanovic\bogdabo02,2015-16,26,BRK,NBA,79,26.8,6-8,39,2115,5.5,12.7,3.3,7.0,2.2,5.8,1.9,2.2,0.6,3.7,4.3,1.7,0.5,0.1,2.0,2.0,15.1,.433,.474,.382,.519,.833,.550
129,Trevor Booker\booketr01,2015-16,28,UTA,NBA,79,20.7,6-8,2,1632,4.2,8.6,3.9,7.7,0.3,0.9,1.6,2.3,3.7,6.3,10.0,1.9,1.3,0.9,1.8,3.7,10.2,.490,.513,.293,.505,.670,.533
130,Dante Cunningham\cunnida01,2015-16,28,NOP,NBA,80,24.6,6-8,46,1971,3.4,7.5,2.4,4.3,1.0,3.2,1.0,1.5,1.0,3.3,4.3,1.4,0.8,0.6,0.7,3.2,8.8,.451,.550,.316,.518,.695,.540
131,Boris Diaw\diawbo01,2015-16,33,SAS,NBA,76,18.2,6-8,4,1386,5.2,9.9,4.6,8.2,0.6,1.8,1.5,2.0,1.5,4.5,6.1,4.6,0.7,0.5,2.5,2.6,12.6,.527,.564,.362,.560,.737,.582
132,Kenneth Faried\farieke01,2015-16,26,DEN,NBA,67,25.3,6-8,64,1694,7.4,13.3,7.4,13.3,0.0,0.0,2.9,4.7,5.0,7.4,12.3,1.7,0.7,1.3,1.9,3.6,17.7,.558,.558,.500,.558,.613,.577
133,Rudy Gay\gayru01,2015-16,29,SAC,NBA,70,34.0,6-8,70,2379,7.1,15.2,5.9,12.0,1.1,3.3,3.0,3.8,1.6,5.3,6.9,1.8,1.5,0.8,2.1,2.8,18.2,.463,.495,.344,.500,.780,.538
134,Jerami Grant\grantje01,2015-16,21,PHI,NBA,77,26.8,6-8,52,2066,4.4,10.4,3.8,7.9,0.6,2.5,3.7,5.6,1.7,4.6,6.3,2.4,0.9,2.2,1.9,3.7,13.1,.419,.477,.240,.448,.658,.506
135,Gordon Hayward\haywago01,2015-16,25,UTA,NBA,80,36.2,6-8,80,2893,6.5,15.0,4.7,9.9,1.8,5.1,4.9,5.9,0.8,4.2,4.9,3.7,1.2,0.3,2.5,2.3,19.6,.433,.477,.349,.493,.824,.559
136,Mario Hezonja\hezonma01,2015-16,20,ORL,NBA,79,17.9,6-8,9,1413,4.6,10.6,2.9,5.8,1.7,4.9,1.2,1.4,0.7,3.8,4.5,2.8,1.0,0.4,2.5,3.2,12.2,.433,.504,.349,.513,.907,.541
137,Rodney Hood\hoodro01,2015-16,23,UTA,NBA,79,32.2,6-8,79,2541,5.8,13.8,3.5,7.4,2.3,6.4,2.4,2.8,0.5,3.2,3.8,3.0,1.0,0.2,1.8,2.9,16.3,.420,.472,.359,.503,.860,.542
138,Joe Ingles\inglejo01,2015-16,28,UTA,NBA,81,15.3,6-8,2,1241,3.6,8.4,1.2,2.3,2.3,6.1,0.4,0.5,0.6,3.8,4.4,2.8,1.6,0.1,1.9,2.8,9.9,.426,.531,.386,.565,.722,.572
139,LeBron James\jamesle01,2015-16,31,CLE,NBA,76,35.6,6-8,76,2709,9.8,18.8,8.6,15.1,1.2,3.7,4.8,6.5,1.5,6.0,7.5,6.8,1.4,0.7,3.3,1.9,25.5,.520,.573,.309,.551,.731,.588
140,Luc Mbah a Moute\mbahalu01,2015-16,29,LAC,NBA,75,17.0,6-8,61,1274,2.7,5.8,2.3,4.7,0.4,1.1,0.8,1.6,1.7,3.1,4.8,0.8,1.2,0.5,1.0,2.8,6.5,.454,.485,.325,.486,.526,.498
141,Doug McDermott\mcderdo01,2015-16,24,CHI,NBA,81,23.0,6-8,4,1861,5.6,12.5,3.5,7.4,2.1,5.0,1.4,1.6,0.7,3.1,3.8,1.1,0.3,0.1,1.0,2.5,14.8,.452,.470,.425,.537,.857,.561
142,Khris Middleton\middlkh01,2015-16,24,MIL,NBA,79,36.1,6-8,79,2852,6.4,14.4,4.6,9.9,1.8,4.6,3.5,3.9,0.6,3.3,3.8,4.2,1.7,0.2,2.3,2.6,18.1,.444,.466,.396,.507,.888,.560
143,Paul Millsap\millspa01,2015-16,30,ATL,NBA,81,32.7,6-8,81,2647,6.8,14.5,5.8,11.3,1.0,3.2,4.2,5.5,2.7,7.3,10.0,3.6,2.0,1.9,2.6,3.2,18.8,.470,.512,.319,.505,.757,.556
144,Jabari Parker\parkeja01,2015-16,20,MIL,NBA,76,31.7,6-8,72,2408,6.6,13.4,6.5,12.9,0.1,0.5,2.6,3.4,1.8,4.1,5.9,1.9,1.0,0.4,1.7,2.3,16.0,.493,.502,.257,.498,.768,.535
145,Otto Porter\porteot01,2015-16,22,WAS,NBA,75,30.3,6-8,73,2276,5.4,11.3,3.8,7.1,1.6,4.2,1.5,2.0,1.5,4.7,6.2,1.9,1.7,0.5,1.1,2.6,13.8,.473,.536,.367,.541,.754,.564
146,Mike Scott\scottmi01,2015-16,27,ATL,NBA,75,15.3,6-8,0,1146,5.5,11.8,3.6,6.8,1.9,5.0,1.6,2.0,1.7,4.8,6.5,2.5,0.8,0.5,1.3,3.2,14.6,.468,.523,.392,.551,.794,.575
147,Kyle Singler\singlky01,2015-16,27,OKC,NBA,68,14.4,6-8,2,977,3.2,8.1,2.1,4.6,1.1,3.6,1.1,1.6,1.8,3.4,5.2,0.9,1.1,0.3,1.2,4.4,8.5,.389,.452,.309,.457,.659,.481
148,Lance Thomas\thomala01,2015-16,27,NYK,NBA,59,22.3,6-8,5,1313,4.6,10.5,3.4,7.5,1.2,3.0,2.8,3.3,0.9,2.7,3.6,1.5,0.6,0.2,1.6,3.0,13.3,.442,.458,.404,.500,.857,.557
149,Hollis Thompson\thompho01,2015-16,24,PHI,NBA,77,28.0,6-8,17,2154,4.5,11.4,2.0,4.8,2.5,6.6,1.2,1.6,0.9,3.6,4.5,1.7,0.6,0.4,1.3,3.1,12.7,.397,.420,.380,.507,.719,.525
150,Anthony Tolliver\tollian01,2015-16,30,DET,NBA,72,18.6,6-8,5,1341,3.4,8.9,0.8,1.6,2.6,7.3,0.8,1.3,1.0,5.1,6.1,1.4,0.7,0.4,0.8,2.3,10.3,.386,.500,.360,.533,.617,.543
151,Andrew Wiggins\wiggian01,2015-16,20,MIN,NBA,81,35.1,6-8,81,2845,7.5,16.4,6.8,14.0,0.7,2.4,5.4,7.1,1.3,2.4,3.7,2.1,1.0,0.6,2.3,2.1,21.2,.459,.486,.300,.481,.761,.543
152,Derrick Williams\willide02,2015-16,24,NYK,NBA,80,17.9,6-8,9,1435,6.4,14.2,5.3,10.4,1.1,3.8,4.9,6.4,1.2,6.2,7.4,1.9,0.7,0.2,1.5,1.7,18.7,.450,.506,.293,.488,.758,.550
153,Thaddeus Young\youngth01,2015-16,27,BRK,NBA,73,33.0,6-8,73,2407,7.4,14.4,7.3,14.0,0.1,0.4,1.6,2.4,2.6,7.2,9.9,2.0,1.7,0.6,2.0,2.7,16.5,.514,.523,.233,.518,.644,.533
154,Quincy Acy\acyqu01,2015-16,25,SAC,NBA,59,14.8,6-7,29,876,4.9,8.8,4.1,6.8,0.8,2.0,2.1,2.8,2.7,5.1,7.7,1.1,1.2,1.0,1.1,4.2,12.6,.556,.606,.388,.600,.735,.629
155,Matt Barnes\barnema02,2015-16,35,MEM,NBA,76,28.8,6-7,45,2190,4.3,11.4,2.4,5.3,2.0,6.1,1.8,2.3,1.4,5.5,6.9,2.7,1.3,0.9,2.0,3.8,12.5,.381,.449,.322,.467,.804,.503
156,Chase Budinger\budinch01,2015-16,27,TOT,NBA,66,14.1,6-7,2,929,4.0,9.3,3.1,5.9,0.9,3.3,1.5,2.2,1.7,4.1,5.8,2.5,1.2,0.4,1.7,2.4,10.5,.435,.523,.279,.485,.696,.514
157,Jimmy Butler\butleji01,2015-16,26,CHI,NBA,67,36.9,6-7,67,2474,6.8,15.1,5.9,12.1,0.9,3.0,5.7,6.9,1.1,4.1,5.2,4.7,1.6,0.6,1.9,1.8,20.4,.454,.489,.312,.485,.832,.562
158,DeMar DeRozan\derozde01,2015-16,26,TOR,NBA,78,35.9,6-7,78,2804,7.9,17.7,7.3,15.9,0.6,1.8,7.1,8.4,0.8,3.7,4.5,4.0,1.0,0.3,2.2,2.1,23.5,.446,.458,.338,.463,.850,.550
159,Jared Dudley\dudleja01,2015-16,30,WAS,NBA,81,25.9,6-7,41,2098,4.0,8.4,2.3,4.3,1.7,4.1,1.2,1.7,0.9,4.0,4.9,2.9,1.3,0.3,1.4,3.3,10.9,.478,.534,.420,.581,.735,.602
160,Evan Fournier\fournev01,2015-16,23,ORL,NBA,79,32.5,6-7,71,2566,6.0,13.0,3.8,7.6,2.2,5.5,2.8,3.3,0.5,2.7,3.2,3.0,1.3,0.0,1.9,3.0,17.0,.462,.506,.400,.546,.836,.587
161,Draymond Green\greendr01,2015-16,25,GSW,NBA,81,34.7,6-7,81,2808,5.1,10.5,3.9,7.2,1.3,3.3,2.9,4.2,1.7,8.1,9.9,7.7,1.5,1.4,3.3,3.1,14.5,.490,.537,.388,.551,.696,.587
162,Gerald Green\greenge01,2015-16,30,MIA,NBA,69,22.6,6-7,14,1557,5.3,13.6,3.4,7.6,1.9,6.0,1.7,2.1,0.6,3.2,3.8,1.3,0.9,0.4,1.1,2.8,14.2,.392,.446,.323,.463,.783,.491
163,Solomon Hill\hillso01,2015-16,24,IND,NBA,59,14.7,6-7,3,866,3.9,8.6,2.9,5.6,1.0,3.1,1.5,1.7,1.6,5.3,6.9,2.4,1.5,0.5,1.4,2.8,10.2,.447,.515,.324,.505,.857,.543
164,Richard Jefferson\jefferi01,2015-16,35,CLE,NBA,74,17.9,6-7,5,1326,3.9,8.5,2.1,3.8,1.8,4.7,1.6,2.4,0.4,3.1,3.5,1.6,0.9,0.4,1.2,3.5,11.1,.458,.554,.382,.564,.667,.585
165,Joe Johnson\johnsjo02,2015-16,34,TOT,NBA,81,33.4,6-7,81,2703,5.0,11.4,3.4,7.3,1.6,4.2,1.6,1.9,0.7,3.2,3.9,4.2,0.8,0.1,2.1,1.9,13.2,.439,.471,.383,.509,.831,.538
166,Stanley Johnson\johnsst04,2015-16,19,DET,NBA,73,23.1,6-7,6,1687,4.8,12.8,3.5,8.4,1.3,4.4,1.7,2.2,1.2,5.3,6.5,2.5,1.2,0.3,2.4,3.8,12.7,.375,.410,.307,.428,.784,.460
167,Wesley Johnson\johnswe01,2015-16,28,LAC,NBA,80,20.8,6-7,9,1666,4.5,11.1,2.3,4.5,2.2,6.7,0.6,1.0,0.8,4.6,5.4,1.1,1.9,1.2,1.2,3.7,11.9,.404,.510,.333,.504,.652,.513
168,Kyle Korver\korveky01,2015-16,34,ATL,NBA,80,30.0,6-7,80,2401,4.0,9.2,1.6,3.3,2.4,6.0,0.7,0.8,0.2,3.7,3.9,2.5,0.9,0.5,1.5,2.4,11.1,.435,.502,.398,.563,.833,.578
169,Kawhi Leonard\leonaka01,2015-16,24,SAS,NBA,72,33.1,6-7,72,2380,8.3,16.5,6.4,12.1,2.0,4.4,4.4,5.1,1.4,6.0,7.5,2.8,1.9,1.1,1.6,2.0,23.0,.506,.528,.443,.565,.874,.616
170,Shaun Livingston\livinsh01,2015-16,30,GSW,NBA,78,19.5,6-7,3,1520,4.8,9.0,4.8,8.7,0.0,0.3,1.9,2.2,1.0,3.0,4.0,5.6,1.4,0.6,1.8,3.3,11.6,.536,.548,.167,.538,.860,.581
171,Kevin Martin\martike02,2015-16,32,TOT,NBA,55,19.9,6-7,13,1095,5.1,13.8,3.5,9.3,1.6,4.5,5.0,5.7,0.5,3.2,3.6,1.9,0.9,0.1,1.8,2.7,16.9,.372,.378,.360,.431,.890,.520
172,Kelly Oubre\oubreke01,2015-16,20,WAS,NBA,63,10.7,6-7,9,671,4.8,11.3,3.5,7.1,1.3,4.2,1.7,2.6,1.3,5.8,7.1,0.7,1.2,0.4,1.8,5.4,12.7,.427,.492,.316,.486,.633,.507
173,Paul Pierce\piercpa01,2015-16,38,LAC,NBA,68,18.1,6-7,38,1231,4.2,11.6,2.0,4.5,2.2,7.1,1.6,1.9,0.4,5.1,5.4,2.1,1.0,0.5,1.7,3.8,12.2,.363,.445,.310,.457,.818,.489
174,Andre Roberson\roberan03,2015-16,24,OKC,NBA,70,22.2,6-7,70,1553,3.2,6.4,2.4,4.0,0.7,2.4,0.8,1.3,1.8,4.0,5.8,1.1,1.2,1.0,0.8,3.1,7.8,.496,.608,.311,.555,.611,.566
175,Terrence Ross\rosste01,2015-16,24,TOR,NBA,73,23.9,6-7,7,1747,5.6,12.9,2.9,5.9,2.7,7.0,1.0,1.3,0.4,3.4,3.8,1.2,1.1,0.5,0.9,2.5,14.8,.431,.484,.386,.536,.790,.551
176,Thabo Sefolosha\sefolth01,2015-16,31,ATL,NBA,75,23.4,6-7,11,1758,3.8,7.6,3.0,5.1,0.9,2.5,1.3,2.0,1.1,5.8,6.8,2.2,1.7,0.8,1.4,2.2,9.8,.505,.589,.339,.562,.626,.578
177,Tony Snell\snellto01,2015-16,24,CHI,NBA,64,20.3,6-7,33,1301,3.5,9.4,1.9,5.1,1.5,4.3,0.8,0.9,0.5,5.0,5.5,1.7,0.4,0.5,1.4,2.8,9.4,.372,.380,.361,.454,.909,.478
178,Klay Thompson\thompkl01,2015-16,25,GSW,NBA,80,33.3,6-7,80,2666,8.8,18.7,5.1,9.9,3.7,8.8,2.6,3.0,0.5,3.7,4.1,2.2,0.8,0.7,1.9,2.1,23.9,.470,.510,.425,.569,.873,.597
179,Evan Turner\turneev01,2015-16,27,BOS,NBA,81,28.0,6-7,12,2271,5.4,11.9,5.1,10.6,0.3,1.3,2.3,2.8,0.8,5.5,6.3,5.7,1.3,0.4,2.7,2.2,13.5,.456,.482,.241,.469,.827,.513
180,Sasha Vujacic\vujacsa01,2015-16,31,NYK,NBA,61,14.9,6-7,25,908,4.2,11.0,2.1,5.3,2.1,5.7,1.3,1.5,1.0,4.9,5.9,3.3,1.3,0.2,1.7,3.3,11.7,.383,.403,.364,.477,.821,.503
181,Justise Winslow\winslju01,2015-16,19,MIA,NBA,78,28.6,6-7,8,2232,3.1,7.5,2.6,5.6,0.5,1.9,1.3,1.9,1.3,5.2,6.5,1.9,1.1,0.4,1.5,3.0,8.1,.422,.471,.276,.457,.684,.489
182,Nick Young\youngni01,2015-16,30,LAL,NBA,54,19.1,6-7,2,1033,4.4,13.0,1.7,4.7,2.7,8.3,2.2,2.6,0.5,2.9,3.4,1.2,0.8,0.2,1.0,1.7,13.7,.339,.363,.325,.442,.829,.483
183,James Anderson\anderja01,2015-16,26,SAC,NBA,51,14.1,6-6,15,721,3.3,8.9,2.2,4.6,1.1,4.3,1.1,1.4,0.6,3.6,4.3,2.0,1.0,0.7,2.1,2.7,8.9,.376,.478,.267,.441,.759,.469
184,Justin Anderson\anderju01,2015-16,22,DAL,NBA,55,11.8,6-6,9,647,4.0,9.7,2.7,5.1,1.2,4.6,2.4,3.1,1.0,6.3,7.3,1.6,1.1,1.4,1.3,2.5,11.6,.406,.533,.265,.469,.800,.522
185,Will Barton\bartowi01,2015-16,25,DEN,NBA,82,28.7,6-6,1,2353,6.5,15.0,4.8,10.1,1.7,5.0,3.3,4.1,0.9,6.4,7.3,3.1,1.1,0.6,2.1,2.2,18.0,.432,.476,.345,.489,.806,.535
186,Devin Booker\bookede01,2015-16,19,PHO,NBA,76,27.7,6-6,51,2108,6.3,14.8,4.6,9.9,1.7,4.9,3.7,4.4,0.5,2.7,3.2,3.4,0.8,0.3,2.7,3.8,17.9,.423,.464,.343,.480,.840,.535
187,Kobe Bryant\bryanko01,2015-16,37,LAL,NBA,66,28.2,6-6,66,1863,7.7,21.5,5.1,12.5,2.6,9.0,4.5,5.4,0.8,4.0,4.8,3.6,1.2,0.3,2.5,2.2,22.4,.358,.410,.285,.417,.826,.469
188,Vince Carter\cartevi01,2015-16,39,MEM,NBA,60,16.8,6-6,3,1005,4.8,12.3,2.7,6.2,2.1,6.1,2.5,3.0,1.1,4.1,5.2,2.0,1.4,0.6,1.3,3.6,14.1,.388,.425,.349,.474,.833,.520
189,Michael Carter-Williams\cartemi01,2015-16,24,MIL,NBA,54,30.5,6-6,37,1649,5.5,12.1,5.2,10.9,0.3,1.2,2.3,3.5,1.0,5.0,6.0,6.1,1.7,0.9,3.3,3.5,13.6,.452,.472,.273,.466,.654,.497
190,Allen Crabbe\crabbal01,2015-16,23,POR,NBA,81,26.0,6-6,8,2105,5.3,11.6,3.4,6.7,1.9,4.9,1.7,1.9,0.5,3.2,3.7,1.7,1.1,0.3,1.1,3.3,14.2,.459,.506,.393,.541,.867,.572
191,Jae Crowder\crowdja01,2015-16,25,BOS,NBA,73,31.6,6-6,73,2308,5.6,12.7,3.7,7.0,1.9,5.7,3.1,3.7,1.1,4.7,5.8,2.1,2.0,0.5,1.3,3.1,16.2,.443,.529,.336,.518,.820,.565
192,Alonzo Gee\geeal01,2015-16,28,NOP,NBA,73,22.4,6-6,38,1632,2.9,5.6,2.5,4.3,0.4,1.3,1.0,1.5,1.3,4.1,5.4,1.6,1.4,0.3,1.2,3.7,7.2,.518,.590,.283,.551,.667,.572
193,Manu Ginobili\ginobma01,2015-16,38,SAS,NBA,58,19.6,6-6,0,1134,6.3,13.8,4.0,8.1,2.2,5.7,2.9,3.6,0.8,3.8,4.6,5.6,2.1,0.3,3.1,3.1,17.6,.453,.496,.391,.533,.813,.573
194,Danny Green\greenda02,2015-16,28,SAS,NBA,79,26.1,6-6,79,2062,3.7,9.8,1.7,3.7,2.0,6.1,0.6,0.8,0.8,4.5,5.3,2.5,1.4,1.1,1.3,2.5,10.0,.376,.448,.332,.480,.739,.492
195,P.J. Hairston\hairspj02,2015-16,23,TOT,NBA,66,19.9,6-6,52,1313,4.0,11.2,2.1,4.6,1.9,6.6,1.4,1.8,0.7,4.1,4.8,1.0,0.9,0.3,1.1,3.8,11.2,.355,.449,.290,.441,.781,.470
196,Tim Hardaway\hardati02,2015-16,23,ATL,NBA,51,16.9,6-6,1,864,4.7,11.0,2.7,5.1,2.0,5.9,2.1,2.3,0.3,3.3,3.6,2.1,0.9,0.3,1.0,2.0,13.6,.430,.537,.338,.521,.893,.563
197,Justin Holiday\holidju01,2015-16,26,TOT,NBA,53,14.6,6-6,5,773,4.1,10.6,2.4,5.7,1.7,4.9,1.3,1.7,0.6,3.6,4.2,2.6,1.5,0.9,1.8,2.8,11.1,.386,.423,.343,.465,.730,.489
198,Andre Iguodala\iguodan01,2015-16,32,GSW,NBA,65,26.6,6-6,1,1732,3.7,7.6,2.5,4.4,1.1,3.2,1.1,1.7,1.1,4.4,5.5,4.6,1.5,0.4,1.6,2.1,9.5,.478,.570,.351,.552,.614,.565
199,Chris Johnson\johnsch04,2015-16,25,UTA,NBA,70,12.2,6-6,2,857,3.0,8.1,1.9,4.0,1.1,4.2,1.4,1.8,1.1,4.4,5.5,1.9,1.3,0.8,1.7,4.2,8.6,.371,.474,.273,.441,.810,.482
200,C.J. Miles\milescj01,2015-16,28,IND,NBA,64,22.9,6-6,24,1464,6.4,15.6,2.9,6.1,3.5,9.5,2.3,3.0,0.6,3.7,4.3,1.5,1.3,0.7,1.7,3.5,18.5,.409,.474,.367,.521,.750,.547
201,Shabazz Muhammad\muhamsh01,2015-16,23,MIN,NBA,82,20.5,6-6,0,1682,6.8,14.6,5.8,11.3,0.9,3.3,4.0,5.2,2.1,3.6,5.7,1.1,0.5,0.1,1.5,2.0,18.5,.465,.516,.289,.498,.764,.548
202,Josh Richardson\richajo01,2015-16,22,MIA,NBA,52,21.3,6-6,2,1107,4.0,8.8,2.3,5.1,1.7,3.7,1.4,2.0,0.7,2.8,3.5,2.4,1.2,0.8,1.1,3.5,11.1,.452,.446,.461,.550,.667,.569
203,Brandon Rush\rushbr01,2015-16,30,GSW,NBA,72,14.7,6-6,25,1055,3.8,8.9,1.6,3.5,2.2,5.4,0.6,1.0,0.7,5.5,6.2,1.9,0.7,0.8,1.1,1.9,10.4,.427,.447,.414,.552,.643,.560
204,Jonathon Simmons\simmojo02,2015-16,26,SAS,NBA,55,14.8,6-6,2,813,5.4,10.7,4.6,8.6,0.8,2.1,3.1,4.1,0.7,3.5,4.3,2.6,1.1,0.2,2.3,4.6,14.7,.504,.533,.383,.541,.750,.586
205,J.R. Smith\smithjr01,2015-16,30,CLE,NBA,77,30.7,6-6,77,2362,5.4,13.0,2.3,5.2,3.1,7.8,0.7,1.1,0.7,2.7,3.3,2.0,1.2,0.3,0.9,3.1,14.6,.415,.438,.400,.535,.634,.542
206,Nik Stauskas\stausni01,2015-16,22,PHI,NBA,73,24.8,6-6,35,1809,4.2,10.8,2.1,4.4,2.1,6.5,1.8,2.3,0.5,3.2,3.6,2.7,0.9,0.4,1.9,2.3,12.3,.385,.473,.326,.483,.771,.517
207,Garrett Temple\templga01,2015-16,29,WAS,NBA,80,24.4,6-6,43,1951,3.7,9.3,2.1,4.6,1.6,4.8,1.7,2.3,0.7,3.2,3.9,2.6,1.3,0.3,1.2,3.6,10.7,.398,.453,.345,.486,.728,.520
208,P.J. Tucker\tuckepj01,2015-16,30,PHO,NBA,82,31.0,6-6,80,2540,3.4,8.2,2.4,5.3,1.0,2.9,1.5,2.0,2.3,4.9,7.3,2.5,1.5,0.3,1.6,2.9,9.2,.411,.455,.330,.469,.746,.506
209,Rashad Vaughn\vaughra01,2015-16,19,MIL,NBA,70,14.3,6-6,6,1001,2.9,9.6,1.4,4.3,1.5,5.3,0.4,0.5,0.4,2.8,3.2,1.4,1.0,0.6,1.0,2.6,7.8,.305,.319,.293,.385,.800,.398
210,Arron Afflalo\afflaar01,2015-16,30,NYK,NBA,71,33.4,6-5,57,2371,5.4,12.1,4.0,8.5,1.4,3.6,1.7,2.0,0.3,3.7,4.0,2.2,0.4,0.2,1.2,2.2,13.8,.443,.469,.382,.500,.840,.531
211,Kent Bazemore\bazemke01,2015-16,26,ATL,NBA,75,27.8,6-5,68,2083,5.5,12.5,3.6,7.3,1.9,5.3,2.1,2.6,0.5,6.1,6.6,3.0,1.7,0.7,2.4,3.0,15.1,.441,.502,.357,.517,.815,.551
212,Bradley Beal\bealbr01,2015-16,22,WAS,NBA,55,31.1,6-5,35,1708,7.6,16.8,5.4,11.1,2.2,5.7,2.8,3.7,0.9,3.1,4.0,3.4,1.1,0.2,2.4,2.5,20.2,.449,.481,.387,.515,.767,.547
213,Marco Belinelli\belinma01,2015-16,29,SAC,NBA,68,24.6,6-5,7,1672,5.3,13.7,3.3,7.3,2.0,6.4,2.5,3.0,0.2,2.3,2.5,2.7,0.8,0.0,1.7,2.0,15.0,.386,.456,.306,.457,.833,.500
214,Kentavious Caldwell-Pope\caldwke01,2015-16,22,DET,NBA,76,36.7,6-5,76,2789,5.2,12.4,3.7,7.6,1.5,4.8,2.4,2.9,0.9,2.7,3.6,1.8,1.4,0.2,1.4,2.2,14.3,.420,.489,.309,.479,.811,.521
215,Jordan Clarkson\clarkjo01,2015-16,23,LAL,NBA,79,32.3,6-5,79,2552,6.7,15.5,5.1,11.0,1.6,4.5,2.3,2.9,1.3,3.1,4.4,2.7,1.2,0.1,1.9,2.4,17.3,.433,.468,.347,.483,.804,.516
216,Jamal Crawford\crawfja01,2015-16,35,LAC,NBA,79,26.9,6-5,5,2126,6.4,15.9,4.4,10.1,2.0,5.8,4.1,4.6,0.3,2.1,2.5,3.1,0.9,0.2,1.9,2.1,19.0,.404,.440,.340,.466,.904,.529
217,Archie Goodwin\goodwar01,2015-16,21,PHO,NBA,57,19.5,6-5,13,1114,5.7,13.6,4.9,10.4,0.7,3.2,4.2,6.2,0.9,3.7,4.6,3.8,0.9,0.4,3.2,2.7,16.3,.417,.474,.232,.444,.674,.498
218,James Harden\hardeja01,2015-16,26,HOU,NBA,82,38.1,6-5,82,3125,8.2,18.6,5.5,11.1,2.7,7.6,8.3,9.6,0.7,5.0,5.8,7.1,1.6,0.6,4.3,2.6,27.4,.439,.494,.359,.512,.860,.598
219,Gerald Henderson\hendege02,2015-16,28,POR,NBA,72,19.9,6-5,0,1431,5.8,13.3,4.6,9.9,1.2,3.4,2.8,3.7,0.8,4.6,5.3,1.9,1.0,0.5,1.7,2.2,15.7,.439,.468,.353,.484,.767,.526
220,Jeremy Lamb\lambje01,2015-16,23,CHO,NBA,66,18.6,6-5,0,1227,6.7,15.0,5.1,9.7,1.6,5.3,1.9,2.6,1.3,6.1,7.4,2.3,1.2,0.9,1.5,3.1,17.0,.451,.529,.309,.506,.727,.529
221,Zach LaVine\lavinza01,2015-16,20,MIN,NBA,82,28.0,6-5,33,2294,6.8,15.0,4.9,10.1,1.9,5.0,2.5,3.2,0.4,3.2,3.6,3.9,1.1,0.3,2.4,3.0,18.0,.452,.482,.389,.516,.793,.548
222,Courtney Lee\leeco01,2015-16,30,TOT,NBA,79,29.5,6-5,65,2334,4.5,9.9,3.2,6.5,1.3,3.3,1.5,1.8,0.4,2.7,3.2,2.1,1.3,0.4,1.1,2.1,11.7,.454,.493,.378,.518,.839,.551
223,Wesley Matthews\matthwe02,2015-16,29,DAL,NBA,78,33.9,6-5,78,2644,4.5,11.6,1.9,4.5,2.6,7.1,1.7,2.0,0.4,2.9,3.2,2.1,1.1,0.2,1.1,2.4,13.3,.388,.432,.360,.498,.863,.532
224,Ben McLemore\mclembe01,2015-16,22,SAC,NBA,68,21.2,6-5,53,1443,4.9,11.4,3.2,6.7,1.7,4.6,1.8,2.6,0.8,2.8,3.7,2.0,1.3,0.2,2.5,3.5,13.2,.429,.474,.362,.502,.718,.531
225,Anthony Morrow\morroan01,2015-16,30,OKC,NBA,68,13.6,6-5,6,926,5.3,12.9,2.2,5.0,3.1,7.9,1.1,1.5,0.4,2.0,2.4,0.9,0.9,0.2,0.7,2.5,14.8,.408,.442,.387,.527,.744,.543
226,Emmanuel Mudiay\mudiaem01,2015-16,19,DEN,NBA,68,30.4,6-5,66,2068,5.7,15.8,4.4,11.7,1.3,4.0,2.4,3.6,0.6,3.5,4.0,6.5,1.1,0.6,3.8,2.5,15.2,.364,.379,.319,.404,.670,.437
227,D'Angelo Russell\russeda01,2015-16,19,LAL,NBA,80,28.2,6-5,48,2259,6.2,15.2,4.2,9.3,2.1,5.9,2.2,3.0,0.7,3.6,4.4,4.2,1.5,0.2,3.1,2.3,16.8,.410,.447,.351,.478,.737,.507
228,Iman Shumpert\shumpim01,2015-16,25,CLE,NBA,54,24.4,6-5,5,1316,3.1,8.3,1.9,4.3,1.2,4.0,1.1,1.4,0.9,4.7,5.6,2.5,1.5,0.5,1.6,3.3,8.5,.374,.447,.295,.444,.784,.475
229,Lance Stephenson\stephla01,2015-16,25,TOT,NBA,69,19.9,6-5,13,1372,6.0,12.4,5.2,10.4,0.8,2.0,2.3,2.9,1.0,4.8,5.9,3.5,1.1,0.2,2.5,3.5,15.0,.481,.500,.385,.513,.784,.548
230,Rodney Stuckey\stuckro01,2015-16,29,IND,NBA,58,22.0,6-5,1,1275,5.2,12.5,4.6,10.2,0.6,2.3,3.7,4.5,0.5,3.9,4.4,4.0,1.2,0.2,2.1,2.2,14.6,.413,.453,.241,.436,.829,.504
231,Tony Allen\allento01,2015-16,34,MEM,NBA,64,25.3,6-4,57,1620,4.8,10.4,4.4,9.5,0.3,0.9,2.0,3.1,2.3,4.3,6.6,1.6,2.4,0.4,1.7,3.9,11.9,.458,.468,.357,.474,.652,.505
232,Matthew Dellavedova\dellama01,2015-16,25,CLE,NBA,76,24.6,6-4,14,1867,4.0,9.9,2.1,5.2,1.9,4.6,1.1,1.3,0.6,2.5,3.1,6.5,0.8,0.2,2.2,3.4,11.0,.405,.401,.410,.501,.864,.527
233,Wayne Ellington\ellinwa01,2015-16,28,BRK,NBA,76,21.3,6-4,41,1615,4.9,12.5,2.7,6.5,2.1,6.0,1.2,1.4,0.4,3.4,3.9,1.9,1.1,0.1,1.0,1.8,13.1,.389,.416,.358,.474,.857,.498
234,Randy Foye\foyera01,2015-16,32,TOT,NBA,81,20.3,6-4,8,1642,3.7,10.6,2.1,5.1,1.6,5.5,1.3,1.6,0.5,2.9,3.4,3.5,0.9,0.6,1.9,2.9,10.4,.351,.405,.300,.428,.824,.461
235,Jerian Grant\grantje02,2015-16,23,NYK,NBA,76,16.6,6-4,6,1265,4.4,11.1,3.8,8.3,0.6,2.8,2.7,3.5,0.7,3.4,4.1,5.0,1.4,0.3,2.5,2.8,12.1,.394,.454,.220,.422,.780,.479
236,Gary Harris\harriga01,2015-16,21,DEN,NBA,76,32.1,6-4,76,2439,5.3,11.3,3.7,6.9,1.5,4.4,1.6,2.0,0.8,2.5,3.2,2.2,1.4,0.3,1.4,2.1,13.8,.469,.543,.354,.538,.820,.566
237,Jrue Holiday\holidjr01,2015-16,25,NOP,NBA,65,28.2,6-4,23,1831,8.1,18.4,6.4,13.3,1.7,5.1,3.6,4.2,0.5,3.3,3.8,7.7,1.7,0.4,3.3,2.9,21.4,.439,.478,.336,.485,.843,.529
238,C.J. McCollum\mccolcj01,2015-16,24,POR,NBA,80,34.8,6-4,80,2780,8.3,18.5,5.7,12.4,2.6,6.1,2.4,2.9,0.6,2.7,3.4,4.4,1.3,0.3,2.5,2.4,21.6,.448,.463,.417,.517,.827,.544
239,E'Twaun Moore\mooreet01,2015-16,26,CHI,NBA,59,21.4,6-4,22,1263,5.3,11.1,4.0,8.1,1.3,3.0,0.6,1.0,0.5,3.2,3.8,2.8,1.1,0.5,1.5,2.9,12.6,.481,.491,.452,.541,.629,.548
240,Victor Oladipo\oladivi01,2015-16,23,ORL,NBA,72,33.0,6-4,52,2379,6.4,14.7,4.9,10.4,1.5,4.3,3.1,3.7,0.7,4.5,5.2,4.3,1.8,0.8,2.3,2.6,17.4,.438,.475,.348,.489,.830,.534
241,Elfrid Payton\paytoel01,2015-16,21,ORL,NBA,73,29.4,6-4,69,2145,5.3,12.3,4.8,10.7,0.5,1.5,1.9,3.2,1.3,3.1,4.4,7.9,1.5,0.3,3.0,2.7,13.1,.436,.451,.326,.456,.589,.478
242,J.J. Redick\redicjj01,2015-16,31,LAC,NBA,75,28.0,6-4,75,2097,7.2,15.1,3.8,7.9,3.4,7.2,3.1,3.5,0.2,2.2,2.4,1.8,0.7,0.1,1.3,2.3,21.0,.480,.484,.475,.593,.888,.632
243,Austin Rivers\riverau01,2015-16,23,LAC,NBA,67,21.9,6-4,7,1464,5.6,12.7,4.0,8.1,1.5,4.5,1.9,2.9,0.5,2.7,3.2,2.4,1.2,0.2,1.5,3.4,14.6,.438,.495,.335,.498,.681,.523
244,Ricky Rubio\rubiori01,2015-16,25,MIN,NBA,76,30.6,6-4,76,2323,3.4,9.1,2.4,6.1,1.0,2.9,4.1,4.9,0.6,4.4,5.1,10.2,2.5,0.2,3.0,3.1,11.9,.374,.396,.326,.427,.847,.529
245,Marcus Smart\smartma01,2015-16,21,BOS,NBA,61,27.3,6-4,10,1667,4.0,11.4,2.7,6.2,1.3,5.2,2.8,3.6,1.6,3.9,5.5,4.0,2.0,0.4,1.7,4.0,12.1,.348,.427,.253,.405,.777,.463
246,Marcus Thornton\thornma01,2015-16,28,TOT,NBA,61,18.2,6-4,8,1109,7.0,17.6,4.1,8.8,3.0,8.8,2.2,2.6,1.2,3.6,4.9,2.8,1.5,0.1,1.7,2.9,19.2,.399,.460,.337,.482,.848,.511
247,Dwyane Wade\wadedw01,2015-16,34,MIA,NBA,74,30.5,6-4,73,2258,8.6,18.9,8.5,18.2,0.1,0.7,5.1,6.5,1.3,3.5,4.8,5.5,1.3,0.7,3.2,1.8,22.5,.456,.468,.159,.459,.793,.517
248,Dion Waiters\waitedi01,2015-16,24,OKC,NBA,78,27.6,6-4,15,2152,4.7,11.8,3.3,7.8,1.4,4.0,1.9,2.6,0.6,2.8,3.4,2.6,1.4,0.3,2.0,2.4,12.7,.399,.421,.358,.460,.713,.492
249,John Wall\walljo01,2015-16,25,WAS,NBA,77,36.2,6-4,77,2784,7.4,17.4,5.9,13.2,1.5,4.2,3.5,4.4,0.5,4.4,4.9,10.2,1.9,0.8,4.1,2.1,19.8,.424,.448,.351,.467,.791,.510
250,Leandro Barbosa\barbole01,2015-16,33,GSW,NBA,68,15.9,6-3,0,1079,5.7,12.3,4.4,8.7,1.3,3.7,1.7,2.1,0.9,3.0,3.9,2.7,1.5,0.3,1.8,3.6,14.4,.462,.508,.355,.515,.839,.545
251,Jerryd Bayless\bayleje01,2015-16,27,MIL,NBA,52,28.9,6-3,18,1505,4.4,10.5,2.0,4.9,2.4,5.5,1.7,2.2,0.5,2.9,3.4,3.9,1.1,0.3,1.7,2.7,12.9,.423,.408,.437,.539,.778,.568
252,Steve Blake\blakest01,2015-16,35,DET,NBA,58,17.0,6-3,2,986,3.4,8.8,1.5,3.2,1.9,5.5,0.6,0.7,0.3,2.9,3.2,7.3,0.9,0.2,3.0,2.6,9.3,.388,.461,.344,.496,.800,.510
253,Markel Brown\brownma02,2015-16,24,BRK,NBA,62,15.8,6-3,6,982,4.7,11.8,3.3,7.4,1.4,4.4,2.6,3.4,0.8,3.6,4.5,3.3,1.4,0.5,2.0,3.4,13.3,.394,.443,.314,.453,.755,.500
254,Jose Calderon\caldejo01,2015-16,34,NYK,NBA,72,28.1,6-3,72,2024,3.7,8.1,2.2,4.5,1.5,3.6,0.7,0.9,0.4,3.7,4.1,5.3,1.1,0.1,1.5,2.4,9.7,.459,.496,.414,.552,.875,.571
255,Stephen Curry\curryst01,2015-16,27,GSW,NBA,79,34.2,6-3,79,2700,10.7,21.3,5.4,9.5,5.4,11.8,4.8,5.3,0.9,4.8,5.7,7.0,2.3,0.2,3.5,2.1,31.7,.504,.566,.454,.630,.908,.669
256,Goran Dragic\dragigo01,2015-16,29,MIA,NBA,72,32.8,6-3,72,2363,6.4,13.3,5.4,10.2,1.0,3.1,1.8,2.5,0.8,3.4,4.2,6.4,1.1,0.3,2.8,2.9,15.5,.477,.527,.312,.513,.727,.537
257,Monta Ellis\ellismo01,2015-16,30,IND,NBA,81,33.8,6-3,81,2734,5.7,13.4,4.6,9.7,1.1,3.7,2.1,2.7,0.6,3.0,3.6,5.0,2.0,0.5,2.7,2.3,14.8,.427,.472,.309,.470,.786,.504
258,Devin Harris\harride01,2015-16,32,DAL,NBA,64,20.0,6-3,0,1280,4.7,10.5,3.2,6.1,1.5,4.4,2.8,3.9,0.5,3.4,3.9,3.3,1.7,0.4,1.9,3.5,13.7,.447,.532,.329,.516,.721,.559
259,George Hill\hillge01,2015-16,29,IND,NBA,74,34.1,6-3,73,2524,4.6,10.5,2.8,6.1,1.8,4.5,1.6,2.1,0.8,3.4,4.3,3.7,1.2,0.2,1.4,2.1,12.8,.441,.466,.408,.528,.760,.555
260,Marcelo Huertas\huertma01,2015-16,32,LAL,NBA,53,16.4,6-3,0,869,4.0,9.5,3.4,7.0,0.7,2.5,1.1,1.2,0.7,3.0,3.7,7.5,1.1,0.3,3.3,3.1,9.8,.422,.479,.262,.457,.931,.488
261,Kyrie Irving\irvinky01,2015-16,23,CLE,NBA,53,31.5,6-3,53,1667,8.5,19.0,6.7,13.3,1.8,5.7,3.6,4.1,1.0,2.4,3.4,5.4,1.2,0.4,2.7,2.3,22.5,.448,.502,.321,.496,.885,.540
262,Reggie Jackson\jacksre01,2015-16,25,DET,NBA,79,30.7,6-3,79,2424,8.0,18.5,6.3,13.5,1.8,5.0,4.3,5.0,0.9,2.9,3.8,7.3,0.9,0.2,3.3,2.8,22.1,.434,.464,.353,.482,.864,.535
263,Cory Joseph\josepco01,2015-16,24,TOR,NBA,80,25.6,6-3,4,2046,4.5,10.3,4.0,8.4,0.5,1.9,2.3,3.1,0.7,3.0,3.7,4.4,1.1,0.4,1.8,2.3,11.9,.439,.478,.273,.465,.764,.512
264,Brandon Knight\knighbr03,2015-16,24,PHO,NBA,52,36.0,6-3,50,1870,7.1,17.2,4.8,10.5,2.3,6.8,3.0,3.5,0.7,3.2,3.9,5.1,1.2,0.4,3.4,2.4,19.6,.415,.461,.342,.482,.852,.522
265,Damian Lillard\lillada01,2015-16,25,POR,NBA,75,35.7,6-3,75,2676,8.3,19.8,5.2,11.6,3.1,8.2,5.6,6.2,0.6,3.5,4.1,6.9,0.9,0.4,3.3,2.2,25.3,.419,.450,.375,.497,.892,.560
266,Jeremy Lin\linje01,2015-16,27,CHO,NBA,78,26.3,6-3,13,2048,5.3,12.8,3.9,8.8,1.3,4.0,4.2,5.1,0.7,3.7,4.4,4.1,1.0,0.7,2.6,2.9,16.1,.412,.446,.336,.464,.815,.534
267,Shelvin Mack\macksh01,2015-16,25,TOT,NBA,52,20.3,6-3,27,1058,6.2,14.1,4.9,9.9,1.3,4.3,1.5,2.1,0.4,3.9,4.4,6.4,1.2,0.1,3.2,2.4,15.2,.439,.493,.312,.486,.738,.507
268,Cameron Payne\payneca01,2015-16,21,OKC,NBA,57,12.2,6-3,1,698,5.9,14.3,4.0,8.6,1.9,5.7,1.0,1.2,0.5,3.9,4.4,5.6,1.9,0.3,2.3,4.1,14.6,.410,.467,.324,.475,.792,.490
269,Pablo Prigioni\prigipa01,2015-16,38,LAC,NBA,59,13.9,6-3,3,823,2.4,6.4,1.2,2.3,1.2,4.2,0.3,0.3,1.7,3.3,5.0,5.7,2.3,0.0,2.1,3.6,6.3,.374,.519,.295,.469,.875,.482
270,Derrick Rose\rosede01,2015-16,27,CHI,NBA,66,31.8,6-3,66,2097,7.7,18.0,6.9,15.4,0.8,2.6,2.4,3.1,0.8,3.1,3.9,5.3,0.8,0.2,3.0,1.4,18.5,.427,.449,.293,.448,.793,.479
271,Ramon Sessions\sessira01,2015-16,29,WAS,NBA,82,20.3,6-3,5,1667,6.0,12.8,5.3,10.4,0.8,2.4,4.6,6.1,0.5,3.8,4.4,5.2,1.0,0.1,2.5,2.2,17.5,.473,.507,.324,.503,.756,.565
272,Donald Sloan\sloando01,2015-16,28,BRK,NBA,61,21.6,6-3,33,1318,4.2,9.6,3.2,6.9,1.0,2.7,2.1,2.8,0.5,4.3,4.7,7.3,0.9,0.1,2.2,2.0,11.6,.440,.462,.384,.494,.750,.536
273,Russell Westbrook\westbru01,2015-16,27,OKC,NBA,80,34.4,6-3,80,2750,8.6,18.9,7.3,14.4,1.3,4.5,6.1,7.5,1.9,6.3,8.2,10.9,2.1,0.3,4.5,2.6,24.6,.454,.503,.296,.489,.812,.554
274,Deron Williams\willide01,2015-16,31,DAL,NBA,65,32.4,6-3,63,2106,5.5,13.2,3.8,8.4,1.7,4.8,3.1,3.5,0.3,2.9,3.2,6.5,1.0,0.2,2.6,2.6,15.7,.414,.454,.344,.477,.869,.530
275,Avery Bradley\bradlav01,2015-16,25,BOS,NBA,76,33.4,6-2,72,2536,6.5,14.5,4.4,8.7,2.1,5.8,1.4,1.7,0.7,2.4,3.1,2.2,1.7,0.3,1.5,2.3,16.4,.447,.505,.361,.520,.780,.538
276,Mario Chalmers\chalmma01,2015-16,29,TOT,NBA,61,22.5,6-2,7,1373,4.8,11.6,3.6,7.7,1.2,3.9,5.7,6.9,0.6,3.5,4.1,6.0,2.3,0.3,2.9,4.7,16.5,.410,.461,.309,.462,.832,.561
277,Toney Douglas\douglto01,2015-16,29,NOP,NBA,61,20.7,6-2,18,1262,5.2,12.7,2.9,6.9,2.3,5.8,2.4,2.8,0.7,3.4,4.1,4.5,2.0,0.1,1.8,3.7,15.1,.411,.421,.399,.502,.848,.543
278,Langston Galloway\gallola01,2015-16,24,NYK,NBA,82,24.8,6-2,7,2033,4.1,10.4,2.7,6.4,1.4,4.0,1.5,2.0,0.8,4.3,5.1,3.7,1.4,0.4,1.1,3.1,11.1,.393,.423,.344,.458,.754,.490
279,T.J. McConnell\mccontj01,2015-16,23,PHI,NBA,81,19.8,6-2,17,1606,4.9,10.4,4.2,8.4,0.7,2.0,0.6,0.9,1.0,4.6,5.6,8.2,2.1,0.2,3.1,2.6,11.1,.470,.499,.348,.503,.634,.511
280,Tony Parker\parketo01,2015-16,33,SAS,NBA,72,27.5,6-2,72,1980,6.4,12.9,5.9,11.7,0.5,1.2,2.4,3.1,0.3,2.9,3.2,6.9,1.0,0.2,2.4,2.1,15.6,.493,.501,.415,.512,.760,.546
281,Ronnie Price\pricero01,2015-16,32,PHO,NBA,62,19.5,6-2,18,1211,3.4,9.0,1.4,3.2,2.0,5.8,0.9,1.2,0.7,2.2,2.9,4.4,2.2,0.4,2.1,4.8,9.8,.384,.453,.347,.497,.756,.517
282,Jeff Teague\teaguje01,2015-16,27,ATL,NBA,79,28.5,6-2,78,2255,6.9,15.8,5.2,11.4,1.8,4.4,4.2,5.0,0.5,2.9,3.4,7.5,1.5,0.4,3.5,2.7,19.8,.439,.454,.400,.495,.837,.551
283,Jason Terry\terryja01,2015-16,38,HOU,NBA,72,17.5,6-2,7,1258,4.3,10.8,1.7,3.3,2.7,7.5,0.8,0.9,0.4,1.9,2.3,2.9,1.3,0.3,1.4,2.6,12.1,.402,.504,.356,.525,.818,.540
284,Patrick Beverley\beverpa01,2015-16,27,HOU,NBA,71,28.7,6-1,63,2041,4.6,10.5,2.4,5.0,2.2,5.5,1.1,1.6,1.3,3.1,4.4,4.2,1.7,0.5,1.6,4.1,12.3,.434,.472,.400,.539,.682,.553
285,Trey Burke\burketr01,2015-16,23,UTA,NBA,64,21.3,6-1,0,1366,6.9,16.7,4.6,10.0,2.3,6.7,1.8,2.2,0.5,2.5,3.0,3.9,0.9,0.2,2.1,2.3,17.9,.413,.460,.344,.483,.817,.507
286,Mike Conley\conlemi01,2015-16,28,MEM,NBA,56,31.4,6-1,56,1761,6.0,14.2,4.4,9.8,1.6,4.4,3.9,4.7,0.5,2.8,3.4,7.0,1.4,0.3,1.7,2.0,17.5,.422,.449,.363,.478,.834,.538
287,Raymond Felton\feltora01,2015-16,31,DAL,NBA,80,27.4,6-1,31,2192,4.5,11.2,3.6,7.7,1.0,3.5,2.4,2.9,0.6,3.6,4.2,4.7,1.1,0.2,2.0,2.3,12.5,.406,.463,.282,.450,.847,.502
288,Tim Frazier\fraziti01,2015-16,25,TOT,NBA,51,14.5,6-1,2,741,4.7,11.1,3.9,8.8,0.8,2.3,2.6,3.6,1.3,4.1,5.3,7.9,1.6,0.1,3.2,3.5,12.7,.419,.442,.333,.454,.716,.499
289,Shabazz Napier\napiesh01,2015-16,24,ORL,NBA,55,10.9,6-1,0,600,4.1,12.1,2.0,5.8,2.0,6.2,2.0,2.7,0.5,2.8,3.3,5.8,1.4,0.1,2.8,2.3,12.2,.338,.351,.327,.423,.733,.460
290,Raul Neto\netora01,2015-16,23,UTA,NBA,81,18.5,6-1,53,1499,4.3,10.0,2.8,6.1,1.5,3.9,1.2,1.7,0.4,2.5,2.9,4.2,1.5,0.0,2.6,2.9,11.4,.431,.453,.395,.507,.743,.530
291,Rajon Rondo\rondora01,2015-16,29,SAC,NBA,72,35.2,6-1,72,2537,5.0,11.1,4.2,8.7,0.9,2.4,1.2,2.1,1.1,5.1,6.2,11.9,2.0,0.1,3.9,2.5,12.2,.454,.479,.365,.494,.580,.506
292,Dennis Schroder\schrode01,2015-16,22,ATL,NBA,80,20.3,6-1,6,1621,7.3,17.3,5.6,12.0,1.7,5.3,3.2,4.0,0.6,4.0,4.5,7.8,1.6,0.2,4.1,3.1,19.5,.421,.465,.322,.471,.791,.510
293,Kemba Walker\walkeke02,2015-16,25,CHO,NBA,81,35.6,6-1,81,2885,7.1,16.6,4.8,10.5,2.3,6.1,4.6,5.5,0.7,3.8,4.5,5.3,1.6,0.5,2.1,1.4,21.1,.427,.459,.371,.495,.847,.554
294,Lou Williams\willilo02,2015-16,29,LAL,NBA,67,28.5,6-1,35,1907,5.3,13.1,3.3,7.0,2.1,6.0,6.6,8.0,0.6,2.6,3.2,3.2,1.2,0.4,2.0,2.0,19.4,.408,.464,.344,.488,.830,.584
295,D.J. Augustin\augusdj01,2015-16,28,TOT,NBA,62,19.0,6-0,0,1178,4.5,10.7,2.4,5.6,2.1,5.1,3.1,3.9,0.2,2.7,2.9,6.1,1.2,0.1,2.6,2.6,14.3,.423,.440,.405,.520,.805,.575
296,J.J. Barea\bareajo01,2015-16,31,DAL,NBA,74,22.5,6-0,16,1667,6.8,15.4,4.7,9.7,2.2,5.6,1.6,2.1,0.6,2.7,3.3,6.5,0.6,0.0,2.4,2.4,17.4,.446,.481,.385,.516,.771,.536
297,Aaron Brooks\brookaa01,2015-16,31,CHI,NBA,69,16.1,6-0,0,1108,6.1,15.2,4.0,9.2,2.1,6.0,1.6,2.1,0.7,2.6,3.3,5.8,1.0,0.3,2.7,4.3,16.0,.401,.430,.357,.471,.766,.494
298,Isaiah Canaan\canaais01,2015-16,24,PHI,NBA,77,25.5,6-0,39,1966,4.8,13.2,1.5,4.3,3.2,8.9,2.7,3.3,0.4,2.8,3.2,2.5,1.0,0.2,1.7,2.4,15.5,.360,.354,.363,.482,.833,.528
299,Darren Collison\collida01,2015-16,28,SAC,NBA,74,30.0,6-0,15,2219,6.1,12.6,4.7,9.1,1.4,3.5,3.1,3.7,0.5,2.3,2.7,5.2,1.2,0.1,2.1,2.3,16.8,.486,.519,.401,.542,.858,.591
300,Kyle Lowry\lowryky01,2015-16,29,TOR,NBA,77,37.0,6-0,77,2851,6.5,15.1,3.8,8.2,2.7,6.9,5.0,6.2,0.7,3.9,4.6,6.2,2.0,0.4,2.8,2.7,20.6,.427,.461,.388,.516,.811,.578
301,Patty Mills\millspa02,2015-16,27,SAS,NBA,81,20.5,6-0,3,1662,5.6,13.3,3.0,6.3,2.7,6.9,1.0,1.3,0.6,2.8,3.4,4.9,1.3,0.1,1.6,2.2,14.9,.425,.469,.384,.525,.810,.541
302,Chris Paul\paulch01,2015-16,30,LAC,NBA,74,32.7,6-0,74,2420,7.7,16.6,5.8,11.7,1.8,4.9,4.4,4.9,0.6,4.0,4.6,11.0,2.3,0.2,2.9,2.8,21.5,.462,.501,.371,.517,.896,.575
303,Ish Smith\smithis01,2015-16,27,TOT,NBA,77,29.1,6-0,53,2239,6.4,15.5,5.5,12.8,0.9,2.7,2.0,2.8,0.7,4.2,4.9,8.1,1.4,0.4,2.8,2.1,15.6,.411,.428,.329,.440,.693,.465
304,Shane Larkin\larkish01,2015-16,23,BRK,NBA,78,22.4,5-11,17,1751,4.6,10.3,3.8,8.1,0.8,2.2,1.7,2.2,0.6,3.1,3.7,7.0,2.0,0.2,3.0,2.5,11.6,.442,.464,.361,.481,.776,.515
305,Ty Lawson\lawsoty01,2015-16,28,TOT,NBA,66,21.4,5-11,13,1411,3.5,9.0,2.6,6.3,0.9,2.8,1.5,2.2,0.7,2.4,3.1,6.0,1.4,0.2,2.4,2.2,9.5,.393,.419,.333,.444,.686,.476
306,Isaiah Thomas\thomais02,2015-16,26,BOS,NBA,82,32.2,5-9,79,2644,8.0,18.8,5.8,12.5,2.3,6.3,6.5,7.4,0.6,2.7,3.3,6.9,1.2,0.1,3.0,2.3,24.8,.428,.462,.359,.488,.871,.562
