,cfga,cfgm,dist,spd,tchs,pass,sast,ftast,dfgm,dfga,rimd
Pau Gasol,5.262626262626263,2.3333333333333335,1.5039393939393941,2.847474747474747,56.666666666666664,41.58585858585859,0.5151515151515151,0.35353535353535354,3.5555555555555554,7.717171717171717,4.888888888888889
George Hill,3.1043478260869564,1.3565217391304347,1.6804347826086956,2.9644347826086954,50.8,40.052173913043475,0.6521739130434783,0.24347826086956523,0.5652173913043478,1.0869565217391304,1.1016949152542372
Derrick Williams,3.597560975609756,1.7682926829268293,1.1757317073170732,3.9658536585365853,31.548780487804876,21.536585365853657,0.3170731707317073,0.04878048780487805,0.5,1.048780487804878,0.8367346938775511
Randy Foye,2.2162162162162162,0.8198198198198198,1.122342342342342,3.5230630630630637,25.53153153153153,18.65765765765766,0.5225225225225225,0.22522522522522523,0.5135135135135135,1.027027027027027,0.8769230769230769
Draymond Green,5.446428571428571,2.6339285714285716,2.1092857142857153,3.580357142857143,76.88392857142857,60.473214285714285,1.4196428571428572,0.6696428571428571,2.6964285714285716,6.0,3.2127659574468086
Kyle Lowry,8.445544554455445,3.4356435643564356,2.3298019801980203,3.7646534653465347,85.77227722772277,61.257425742574256,1.0495049504950495,0.6336633663366337,1.316831683168317,2.1584158415841586,1.5647058823529412
Raymond Felton,3.847826086956522,1.7391304347826086,1.7369565217391305,3.778369565217392,52.70652173913044,40.369565217391305,0.7608695652173914,0.391304347826087,0.7391304347826086,1.3478260869565217,1.0625
Thaddeus Young,7.387096774193548,3.774193548387097,1.829032258064516,3.3286021505376344,50.12903225806452,36.16129032258065,0.46236559139784944,0.10752688172043011,2.150537634408602,3.956989247311828,2.857142857142857
Kevin Love,4.813725490196078,2.0588235294117645,1.9497058823529412,3.756372549019609,58.21568627450981,40.931372549019606,0.6764705882352942,0.16666666666666666,3.1666666666666665,5.764705882352941,3.510869565217391
Nikola Vucevic,7.7594936708860756,4.050632911392405,1.6603797468354433,3.2046835443037973,49.12658227848101,32.78481012658228,0.379746835443038,0.20253164556962025,3.367088607594937,6.2784810126582276,4.290322580645161
Aaron Brooks,3.6626506024096384,1.6144578313253013,0.9185542168674699,3.443614457831326,29.662650602409638,21.566265060240966,0.6024096385542169,0.26506024096385544,0.43373493975903615,0.7108433734939759,0.8181818181818182
Larry Nance,2.283582089552239,1.2985074626865671,1.394925373134328,4.16417910447761,31.73134328358209,25.582089552238806,0.16417910447761194,0.11940298507462686,1.208955223880597,2.1791044776119404,1.5576923076923077
Jared Sullinger,4.482758620689655,2.0114942528735633,1.4586206896551719,3.8096551724137937,44.59770114942529,31.666666666666668,0.5977011494252874,0.1724137931034483,2.793103448275862,5.149425287356322,2.9634146341463414
Paul Millsap,7.473684210526316,3.568421052631579,2.184947368421052,3.958421052631579,62.56842105263158,43.55789473684211,0.7052631578947368,0.15789473684210525,3.9473684210526314,8.021052631578947,4.213483146067416
Avery Bradley,5.707865168539326,2.7191011235955056,2.0204494382022467,3.625280898876404,34.02247191011236,19.730337078651687,0.550561797752809,0.14606741573033707,0.6629213483146067,1.2584269662921348,1.1132075471698113
Joe Johnson,4.6902654867256635,2.106194690265487,1.9305309734513274,3.4486725663716813,42.0,29.41592920353982,0.6106194690265486,0.23008849557522124,0.6902654867256637,1.336283185840708,1.1142857142857143
Will Barton,7.0602409638554215,3.1686746987951806,1.9959036144578306,4.177951807228919,48.46987951807229,31.373493975903614,0.8072289156626506,0.30120481927710846,1.6626506024096386,2.9518072289156625,1.7922077922077921
Nik Stauskas,2.888888888888889,1.2098765432098766,1.6791358024691356,4.0508641975308635,34.27160493827161,24.641975308641975,0.3950617283950617,0.24691358024691357,0.8888888888888888,1.7654320987654322,1.309090909090909
Devin Booker,6.222222222222222,2.5555555555555554,1.8261728395061727,3.9712345679012326,41.03703703703704,25.0,0.5185185185185185,0.2962962962962963,0.9135802469135802,1.617283950617284,1.2982456140350878
Jerami Grant,4.819277108433735,2.2048192771084336,1.8434939759036146,4.12710843373494,44.0,31.97590361445783,0.37349397590361444,0.0963855421686747,2.144578313253012,4.710843373493976,2.3421052631578947
DeMarcus Cousins,10.87012987012987,5.259740259740259,1.7796103896103892,3.101948051948052,60.79220779220779,34.688311688311686,0.6233766233766234,0.23376623376623376,3.4805194805194803,7.025974025974026,4.1875
Trey Burke,3.8780487804878048,1.7439024390243902,1.192682926829268,3.366707317073171,39.30487804878049,28.829268292682926,0.524390243902439,0.23170731707317074,0.5121951219512195,0.8292682926829268,1.105263157894737
Julius Randle,7.121951219512195,3.182926829268293,1.8636585365853664,3.9707317073170723,55.4390243902439,40.5609756097561,0.24390243902439024,0.0975609756097561,2.4634146341463414,4.378048780487805,2.72972972972973
Marc Gasol,4.390243902439025,2.048780487804878,1.3335365853658538,2.3217073170731704,44.30487804878049,30.975609756097562,0.4878048780487805,0.32926829268292684,2.0,4.390243902439025,3.215686274509804
Tony Parker,3.388888888888889,1.6666666666666667,1.357539682539683,2.9857142857142844,44.611111111111114,34.698412698412696,0.9523809523809523,0.16666666666666666,0.5238095238095238,0.8412698412698413,1.1379310344827587
PJ Hairston,2.1645569620253164,0.8354430379746836,1.180886075949367,3.6375949367088602,17.265822784810126,10.746835443037975,0.20253164556962025,0.0759493670886076,0.5569620253164557,1.2025316455696202,0.9565217391304348
Richaun Holmes,1.9382716049382716,1.1481481481481481,0.6356790123456791,2.720617283950618,14.506172839506172,10.506172839506172,0.037037037037037035,0.012345679012345678,1.0246913580246915,2.2098765432098766,1.6274509803921569
LeBron James,6.647798742138365,3.6792452830188678,1.4017610062893076,2.3192452830188675,48.44654088050314,31.22641509433962,0.8050314465408805,0.389937106918239,0.6540880503144654,1.3270440251572326,1.2839506172839505
Brook Lopez,9.197530864197532,4.839506172839506,1.9922222222222217,3.5543209876543207,47.97530864197531,27.85185185185185,0.5432098765432098,0.2222222222222222,4.012345679012346,8.469135802469136,4.642857142857143
Damian Lillard,10.988505747126437,4.195402298850575,2.4802298850574704,4.124367816091955,88.86206896551724,59.9080459770115,1.4367816091954022,0.6666666666666666,0.9195402298850575,1.528735632183908,1.2307692307692308
Zach Randolph,5.370689655172414,2.5344827586206895,1.1918103448275867,2.3993965517241382,32.10344827586207,20.49137931034483,0.25862068965517243,0.14655172413793102,2.0,3.5172413793103448,3.267605633802817
Enes Kanter,5.864077669902913,3.407766990291262,1.4018446601941743,4.098252427184467,39.89320388349515,28.631067961165048,0.11650485436893204,0.02912621359223301,2.6990291262135924,5.12621359223301,2.9263157894736844
Ty Lawson,1.510204081632653,0.6224489795918368,1.0788775510204087,3.2010204081632656,30.8265306122449,24.26530612244898,0.6020408163265306,0.2653061224489796,0.47959183673469385,0.7142857142857143,1.0930232558139534
Langston Galloway,3.4146341463414633,1.3902439024390243,1.7946341463414637,4.329268292682925,46.86585365853659,36.97560975609756,0.6707317073170732,0.3170731707317073,0.7195121951219512,1.475609756097561,0.9516129032258065
Wesley Matthews,3.5652173913043477,1.315217391304348,2.1023913043478255,3.7499999999999982,42.51086956521739,29.58695652173913,0.5543478260869565,0.13043478260869565,0.8478260869565217,1.3695652173913044,1.278688524590164
Mario Chalmers,2.134453781512605,0.8991596638655462,0.7776470588235294,2.077899159663865,28.0,20.991596638655462,0.4369747899159664,0.17647058823529413,0.33613445378151263,0.5378151260504201,1.0526315789473684
Mirza Teletovic,4.2439024390243905,1.7195121951219512,1.422439024390244,3.9923170731707316,41.646341463414636,29.182926829268293,0.3048780487804878,0.10975609756097561,2.048780487804878,3.7195121951219514,2.3333333333333335
Sasha Vujacic,1.4146341463414633,0.5,0.8152439024390243,3.2958536585365867,21.451219512195124,16.609756097560975,0.4024390243902439,0.0975609756097561,0.524390243902439,0.8780487804878049,1.2285714285714286
Justise Winslow,3.172043010752688,1.3978494623655915,1.9140860215053765,4.082903225806452,39.18279569892473,30.236559139784948,0.45161290322580644,0.1827956989247312,1.6451612903225807,3.139784946236559,1.8658536585365855
AlFarouq Aminu,3.8191489361702127,1.627659574468085,2.0824468085106376,4.313723404255319,38.297872340425535,25.80851063829787,0.5319148936170213,0.22340425531914893,1.7553191489361701,3.5319148936170213,1.896551724137931
Al Horford,4.186915887850467,2.3551401869158877,1.8466355140186916,3.437009345794393,55.08411214953271,41.0,0.6355140186915887,0.2616822429906542,3.4766355140186915,7.093457943925234,4.087912087912088
Kyle O'Quinn,1.475,0.675,0.6303749999999999,3.2591249999999996,22.1625,17.2625,0.1625,0.1,1.425,2.975,2.0727272727272728
James Johnson,1.7204301075268817,0.9247311827956989,0.7377419354838711,2.9013978494623642,12.720430107526882,8.56989247311828,0.11827956989247312,0.08602150537634409,0.5268817204301075,1.064516129032258,1.0208333333333333
Amir Johnson,3.953488372093023,2.395348837209302,1.4953488372093022,3.951046511627908,39.16279069767442,31.337209302325583,0.5581395348837209,0.12790697674418605,2.6627906976744184,5.5813953488372094,2.8625
Jonathon Simmons,2.6515151515151514,1.3636363636363635,0.9003030303030304,3.734545454545455,19.666666666666668,13.712121212121213,0.2727272727272727,0.09090909090909091,0.48484848484848486,0.6818181818181818,1.1428571428571428
Jeff Withey,1.5789473684210527,0.7894736842105263,0.598421052631579,2.794868421052632,15.25,12.039473684210526,0.06578947368421052,0.013157894736842105,1.144736842105263,2.6447368421052633,2.0232558139534884
Ersan Ilyasova,3.7294117647058824,1.5058823529411764,1.5376470588235294,3.6630588235294113,37.870588235294115,27.41176470588235,0.25882352941176473,0.08235294117647059,2.223529411764706,3.6941176470588237,2.6619718309859155
Noah Vonleh,1.7692307692307692,0.8131868131868132,0.9400000000000003,3.9808791208791203,19.64835164835165,15.494505494505495,0.0989010989010989,0.04395604395604396,1.0,2.010989010989011,1.5423728813559323
JR Smith,4.0701754385964914,1.587719298245614,1.787543859649123,3.4110526315789484,31.780701754385966,20.666666666666668,0.47368421052631576,0.11403508771929824,0.5789473684210527,1.087719298245614,1.064516129032258
Jason Smith,1.4597701149425288,0.6206896551724138,0.9317241379310344,3.668275862068964,24.448275862068964,17.655172413793103,0.13793103448275862,0.09195402298850575,1.8620689655172413,3.5402298850574714,2.2816901408450705
Brandon Rush,0.7333333333333333,0.3142857142857143,0.8228571428571427,3.6017142857142868,14.485714285714286,10.980952380952381,0.3619047619047619,0.0380952380952381,0.5619047619047619,1.1238095238095238,1.0727272727272728
Manu Ginobili,2.1132075471698113,0.9150943396226415,0.8739622641509437,2.695943396226416,24.92452830188679,17.5188679245283,0.5377358490566038,0.22641509433962265,0.3584905660377358,0.6981132075471698,1.0
Reggie Jackson,9.054945054945055,4.065934065934066,1.9515384615384619,3.78087912087912,70.50549450549451,47.879120879120876,1.2747252747252746,0.43956043956043955,1.4615384615384615,2.2637362637362637,1.7733333333333334
Leandro Barbosa,2.128440366972477,1.0275229357798166,0.8903669724770644,3.632568807339449,18.3302752293578,12.697247706422019,0.46788990825688076,0.12844036697247707,0.23853211009174313,0.4036697247706422,0.896551724137931
Courtney Lee,3.411111111111111,1.5555555555555556,2.029555555555556,4.040111111111111,35.94444444444444,25.72222222222222,0.4666666666666667,0.17777777777777778,0.7,1.1555555555555554,1.1666666666666667
Luol Deng,3.857142857142857,1.9285714285714286,1.821964285714286,3.3334821428571444,42.9375,32.357142857142854,0.32142857142857145,0.11607142857142858,1.6428571428571428,2.9642857142857144,2.1904761904761907
Jordan Hill,3.495049504950495,1.9207920792079207,1.016039603960396,3.1115841584158415,29.03960396039604,21.10891089108911,0.16831683168316833,0.13861386138613863,2.0594059405940595,3.871287128712871,2.736842105263158
Zaza Pachulia,3.34375,1.6666666666666667,1.451458333333334,3.3577083333333335,35.083333333333336,25.90625,0.4583333333333333,0.09375,3.1666666666666665,6.0,3.948051948051948
Josh Smith,1.5865384615384615,0.6442307692307693,0.5650961538461539,2.195865384615385,17.326923076923077,12.096153846153847,0.19230769230769232,0.10576923076923077,0.8846153846153846,1.9423076923076923,1.7358490566037736
Jamal Crawford,6.686868686868687,2.696969696969697,1.5410101010101007,3.394242424242426,36.04040404040404,21.525252525252526,0.5454545454545454,0.2222222222222222,0.6060606060606061,0.9292929292929293,1.0526315789473684
Joe Ingles,0.9878048780487805,0.43902439024390244,1.035975609756098,4.107439024390246,25.29268292682927,20.024390243902438,0.1951219512195122,0.2682926829268293,0.4024390243902439,0.7560975609756098,0.9705882352941176
Frank Kaminsky,3.404494382022472,1.4943820224719102,1.5753932584269668,4.3822471910112375,43.59550561797753,34.95505617977528,0.25842696629213485,0.1348314606741573,2.168539325842697,3.9887640449438204,2.4430379746835444
Khris Middleton,8.804878048780488,3.6951219512195124,2.3714634146341464,3.951829268292681,54.5,34.792682926829265,0.8414634146341463,0.5487804878048781,1.0853658536585367,1.8658536585365855,1.390625
Kobe Bryant,7.967032967032967,2.802197802197802,1.344395604395604,2.866483516483516,33.46153846153846,17.417582417582416,0.3516483516483517,0.18681318681318682,0.4835164835164835,0.7692307692307693,1.2222222222222223
Jon Leuer,2.7888888888888888,1.4222222222222223,1.0197777777777777,3.3018888888888895,26.955555555555556,19.8,0.24444444444444444,0.03333333333333333,1.6222222222222222,3.1666666666666665,2.3174603174603177
Kentavious CaldwellPope,6.1395348837209305,2.6511627906976742,2.3906976744186044,3.8866279069767447,37.69767441860465,22.03488372093023,0.47674418604651164,0.20930232558139536,0.872093023255814,1.4186046511627908,1.2096774193548387
Maurice Harkless,3.1382978723404253,1.648936170212766,1.3418085106382973,4.172234042553192,23.70212765957447,16.148936170212767,0.24468085106382978,0.05319148936170213,1.0212765957446808,2.0531914893617023,1.4328358208955223
DeAndre Jordan,4.19,2.76,1.7951000000000001,3.1938000000000004,45.46,35.99,0.44,0.11,2.83,6.24,3.5822784810126582
Jordan Clarkson,7.949367088607595,3.367088607594937,2.3336708860759496,4.331645569620253,58.40506329113924,38.949367088607595,0.5316455696202531,0.31645569620253167,1.1898734177215189,1.8987341772151898,1.4461538461538461
Goran Dragic,6.758241758241758,3.1648351648351647,2.2702197802197803,4.134505494505494,77.31868131868131,58.59340659340659,0.967032967032967,0.5714285714285714,0.9230769230769231,1.8021978021978022,1.2173913043478262
Stephen Curry,8.433962264150944,3.943396226415094,2.225943396226415,3.9148113207547177,77.5,50.60377358490566,2.160377358490566,0.5566037735849056,0.8773584905660378,1.4811320754716981,1.3880597014925373
David Lee,3.146067415730337,1.6741573033707866,0.7122471910112362,2.6068539325842695,20.831460674157302,15.224719101123595,0.1797752808988764,0.07865168539325842,1.247191011235955,2.2247191011235956,2.3125
Kevin Martin,2.811111111111111,0.9777777777777777,0.8525555555555554,2.6614444444444443,17.0,10.188888888888888,0.26666666666666666,0.022222222222222223,0.36666666666666664,0.5,1.064516129032258
Miles Plumlee,2.2289156626506026,1.2891566265060241,0.7574698795180723,3.1669879518072293,14.204819277108435,10.180722891566266,0.13253012048192772,0.012048192771084338,1.6867469879518073,3.2771084337349397,2.5454545454545454
Josh Richardson,2.160919540229885,0.8735632183908046,1.2208045977011495,3.2075862068965524,28.0,21.850574712643677,0.27586206896551724,0.08045977011494253,0.6666666666666666,1.4597701149425288,1.183673469387755
Tim Hardaway,1.6666666666666667,0.7361111111111112,0.9316666666666671,3.46125,16.34722222222222,11.222222222222221,0.25,0.125,0.2916666666666667,0.625,0.7
Isaiah Thomas,10.988636363636363,4.579545454545454,2.2395454545454543,4.135909090909092,84.31818181818181,58.5,1.375,0.45454545454545453,0.6931818181818182,1.1818181818181819,0.9838709677419355
Wesley Johnson,1.9425287356321839,0.8620689655172413,1.3980459770114941,4.177241379310346,24.471264367816094,16.896551724137932,0.13793103448275862,0.11494252873563218,1.1494252873563218,2.310344827586207,1.408450704225352
Kelly Olynyk,3.4864864864864864,1.5810810810810811,1.3382432432432432,4.137567567567567,38.891891891891895,28.58108108108108,0.3108108108108108,0.16216216216216217,1.945945945945946,3.608108108108108,2.25
Steven Adams,4.3232323232323235,2.515151515151515,1.8092929292929294,4.142626262626264,45.121212121212125,36.80808080808081,0.3838383838383838,0.050505050505050504,2.9393939393939394,5.8686868686868685,3.095744680851064
TJ McConnell,3.1204819277108435,1.4096385542168675,1.5820481927710848,4.8003614457831345,57.024096385542165,46.86746987951807,0.6265060240963856,0.4578313253012048,0.6144578313253012,1.1927710843373494,0.9622641509433962
David West,2.099099099099099,1.1891891891891893,0.8997297297297294,3.022882882882883,24.37837837837838,18.18018018018018,0.2702702702702703,0.16216216216216217,1.4954954954954955,3.036036036036036,1.9761904761904763
Pablo Prigioni,0.5,0.17777777777777778,0.7196666666666667,3.2171111111111115,21.2,17.91111111111111,0.36666666666666664,0.1,0.4111111111111111,0.6222222222222222,1.088235294117647
Rajon Rondo,3.580357142857143,1.7142857142857142,1.5678571428571424,2.6506250000000002,61.964285714285715,48.535714285714285,1.0535714285714286,0.8660714285714286,0.5535714285714286,0.9375,1.169811320754717
Kyle Singler,0.9166666666666666,0.40625,0.7933333333333333,3.4126041666666658,10.052083333333334,6.71875,0.09375,0.03125,0.7291666666666666,1.2395833333333333,1.3461538461538463
LaMarcus Aldridge,7.117021276595745,3.74468085106383,1.8756382978723407,3.6467021276595735,50.5531914893617,33.340425531914896,0.4787234042553192,0.05319148936170213,2.5851063829787235,5.5,2.927710843373494
Rodney Stuckey,3.948051948051948,1.6233766233766234,1.1972727272727273,3.348051948051949,29.48051948051948,19.792207792207794,0.4155844155844156,0.18181818181818182,0.5714285714285714,0.961038961038961,1.1
Omri Casspi,3.65,1.6875,1.7152500000000004,3.7811249999999985,42.0375,30.7375,0.4375,0.1125,1.7375,2.6875,2.316666666666667
Nene Hilario,3.582089552238806,2.1194029850746268,1.08044776119403,3.3882089552238797,27.597014925373134,18.761194029850746,0.13432835820895522,0.19402985074626866,1.8208955223880596,3.5223880597014925,2.3461538461538463
Chris Paul,4.833333333333333,2.1176470588235294,1.649705882352941,3.0355882352941173,67.47058823529412,47.68627450980392,1.196078431372549,0.8627450980392157,0.6470588235294118,1.2450980392156863,1.11864406779661
Marcus Smart,4.641791044776119,1.5970149253731343,1.9082089552238806,4.119104477611941,46.95522388059702,33.80597014925373,0.6716417910447762,0.3283582089552239,0.8208955223880597,1.5522388059701493,1.1458333333333333
Jeremy Lamb,3.4,1.6333333333333333,1.002333333333334,3.333888888888888,20.644444444444446,13.266666666666667,0.28888888888888886,0.12222222222222222,0.5888888888888889,1.0,1.1521739130434783
Kemba Walker,9.03370786516854,3.741573033707865,2.435842696629215,4.095842696629212,89.50561797752809,65.08988764044943,1.3707865168539326,0.4157303370786517,1.4269662921348314,2.393258426966292,1.6493506493506493
Channing Frye,1.2549019607843137,0.6274509803921569,0.9262745098039213,3.3769607843137237,24.647058823529413,19.333333333333332,0.20588235294117646,0.06862745098039216,1.2254901960784315,2.4215686274509802,1.524390243902439
JJ Barea,3.627450980392157,1.5784313725490196,1.2120588235294116,3.2497058823529428,42.96078431372549,32.30392156862745,0.7254901960784313,0.38235294117647056,0.28431372549019607,0.5098039215686274,0.7837837837837838
Mike Conley,3.3434343434343434,1.4747474747474747,1.286060606060606,2.4521212121212117,46.39393939393939,35.535353535353536,0.8484848484848485,0.35353535353535354,0.6565656565656566,1.1111111111111112,1.5116279069767442
Marcus Thornton,3.6666666666666665,1.3974358974358974,0.9856410256410257,3.3317948717948718,21.012820512820515,12.384615384615385,0.24358974358974358,0.15384615384615385,0.41025641025641024,0.6282051282051282,1.0
Jeff Teague,5.485981308411215,2.364485981308411,1.5593457943925235,3.2899065420560762,58.495327102803735,42.22429906542056,1.4018691588785046,0.29906542056074764,0.514018691588785,0.822429906542056,0.9482758620689655
Evan Turner,4.942857142857143,2.3047619047619046,1.5693333333333324,3.2890476190476186,46.46666666666667,33.96190476190476,0.6190476190476191,0.34285714285714286,1.3047619047619048,2.466666666666667,1.8266666666666667
Trevor Ariza,3.595744680851064,1.3085106382978724,2.181382978723404,3.7014893617021296,47.340425531914896,34.329787234042556,0.6702127659574468,0.2765957446808511,1.074468085106383,1.9574468085106382,1.4852941176470589
Cameron Payne,1.5052631578947369,0.6210526315789474,0.592947368421053,3.120000000000001,17.705263157894738,13.126315789473685,0.22105263157894736,0.07368421052631578,0.3263157894736842,0.5473684210526316,1.0
Cory Joseph,3.6470588235294117,1.638655462184874,1.5292436974789914,3.69361344537815,46.80672268907563,36.3109243697479,0.5210084033613446,0.15966386554621848,0.7478991596638656,1.546218487394958,1.1125
Monta Ellis,6.655555555555556,2.966666666666667,2.2349999999999994,3.993888888888888,65.02222222222223,46.86666666666667,1.1,0.5111111111111111,0.6777777777777778,1.3,1.0166666666666666
Lavoy Allen,2.1650485436893203,1.1553398058252426,1.0884466019417478,3.367864077669903,26.155339805825243,20.776699029126213,0.3300970873786408,0.14563106796116504,1.3398058252427185,2.6699029126213594,1.864864864864865
Zach LaVine,6.073170731707317,2.597560975609756,1.9924390243902441,4.27609756097561,50.926829268292686,34.36585365853659,0.8414634146341463,0.32926829268292684,0.6951219512195121,1.2317073170731707,1.0555555555555556
Mike Scott,2.011111111111111,1.0666666666666667,1.06,4.131555555555557,23.07777777777778,16.977777777777778,0.2222222222222222,0.05555555555555555,0.7666666666666667,1.6555555555555554,1.0952380952380953
Shelvin Mack,2.4819277108433737,1.216867469879518,0.9613253012048192,2.81132530120482,33.265060240963855,25.373493975903614,0.42168674698795183,0.24096385542168675,0.3493975903614458,0.6144578313253012,1.0
Jeff Green,5.288659793814433,2.350515463917526,1.6450515463917528,3.5467010309278337,37.36082474226804,24.948453608247423,0.3917525773195876,0.1134020618556701,1.5360824742268042,2.8247422680412373,1.9350649350649352
Donald Sloan,2.6790123456790123,1.1358024691358024,1.1941975308641974,3.3274074074074065,40.407407407407405,33.06172839506173,0.5679012345679012,0.20987654320987653,0.5185185185185185,0.9012345679012346,1.105263157894737
Gorgui Dieng,4.036585365853658,2.1707317073170733,1.769634146341464,3.9157317073170743,39.78048780487805,28.548780487804876,0.3048780487804878,0.1951219512195122,3.548780487804878,6.7560975609756095,3.88
Roy Hibbert,2.4,1.0476190476190477,1.197047619047619,3.100380952380953,22.885714285714286,17.152380952380952,0.11428571428571428,0.06666666666666667,2.2095238095238097,4.4,3.012987012987013
Meyers Leonard,1.6615384615384616,0.7230769230769231,1.3427692307692312,3.674923076923077,37.83076923076923,28.661538461538463,0.27692307692307694,0.15384615384615385,1.9230769230769231,3.6153846153846154,2.192982456140351
Tony Allen,2.9051724137931036,1.2758620689655173,1.0282758620689654,2.458448275862069,18.051724137931036,11.810344827586206,0.14655172413793102,0.07758620689655173,0.4482758620689655,0.8017241379310345,1.2380952380952381
James Harden,8.504,3.928,1.7004000000000001,2.676320000000001,59.968,36.712,1.008,0.416,1.28,2.32,2.0779220779220777
Kevin Durant,8.664179104477611,4.1940298507462686,1.5300746268656717,2.508283582089552,43.276119402985074,24.149253731343283,0.5746268656716418,0.20149253731343283,0.9029850746268657,1.8955223880597014,1.5316455696202531
Danilo Gallinari,5.537313432835821,2.2388059701492535,1.8273134328358211,3.161791044776119,43.791044776119406,26.895522388059703,0.373134328358209,0.08955223880597014,1.0895522388059702,1.9402985074626866,1.5869565217391304
Chris Johnson,1.1341463414634145,0.45121951219512196,0.7715853658536587,3.7079268292682936,12.451219512195122,9.073170731707316,0.12195121951219512,0.04878048780487805,0.4024390243902439,0.8292682926829268,0.9428571428571428
Michael CarterWilliams,5.478260869565218,2.4782608695652173,1.7528985507246373,3.4508695652173915,57.391304347826086,43.53623188405797,1.0724637681159421,0.4057971014492754,1.0869565217391304,1.8840579710144927,1.5625
D'Angelo Russell,6.074074074074074,2.4074074074074074,2.0102469135802465,4.265679012345679,64.4074074074074,46.641975308641975,0.6790123456790124,0.38271604938271603,1.1604938271604939,1.9135802469135803,1.4242424242424243
Austin Rivers,3.9740259740259742,1.87012987012987,1.5048051948051944,4.098571428571428,37.285714285714285,26.2987012987013,0.4935064935064935,0.11688311688311688,0.5324675324675324,1.2467532467532467,0.7884615384615384
Nick Collison,0.6099290780141844,0.2907801418439716,0.3813475177304964,2.0242553191489367,7.333333333333333,5.74468085106383,0.06382978723404255,0.06382978723404255,0.46808510638297873,0.9858156028368794,1.2222222222222223
Corey Brewer,2.617391304347826,1.0608695652173914,1.1094782608695655,3.323565217391304,17.93913043478261,11.02608695652174,0.3130434782608696,0.1565217391304348,0.7304347826086957,1.2173913043478262,1.2352941176470589
Kyrie Irving,10.186666666666667,4.52,2.148533333333333,3.9284,74.25333333333333,50.45333333333333,1.3733333333333333,0.37333333333333335,1.2,2.0533333333333332,1.5517241379310345
Darrell Arthur,1.7788461538461537,0.7307692307692307,0.9837499999999999,2.7390384615384624,22.875,16.76923076923077,0.15384615384615385,0.09615384615384616,1.3461538461538463,2.7403846153846154,2.121212121212121
Jason Terry,1.5044247787610618,0.6194690265486725,0.8864601769911508,2.9207964601769927,19.58407079646018,14.716814159292035,0.20353982300884957,0.1592920353982301,0.3008849557522124,0.5398230088495575,0.918918918918919
Thomas Robinson,2.6463414634146343,1.2560975609756098,0.7857317073170732,3.6591463414634147,20.524390243902438,15.073170731707316,0.10975609756097561,0.024390243902439025,1.5,3.0609756097560976,2.0163934426229506
Rudy Gobert,4.318840579710145,2.4057971014492754,1.9394202898550728,3.6768115942028983,53.30434782608695,43.55072463768116,0.4057971014492754,0.07246376811594203,2.898550724637681,7.028985507246377,3.3333333333333335
Hollis Thompson,3.3855421686746987,1.2289156626506024,1.886746987951808,4.056506024096388,31.03614457831325,20.59036144578313,0.2289156626506024,0.21686746987951808,1.072289156626506,2.144578313253012,1.328358208955224
Kenneth Faried,5.482758620689655,2.9655172413793105,1.3593103448275863,3.225057471264367,32.229885057471265,21.977011494252874,0.367816091954023,0.08045977011494253,2.1839080459770117,3.8620689655172415,3.015873015873016
Shaun Livingston,3.8173076923076925,1.8846153846153846,1.4196153846153843,4.265288461538459,41.33653846153846,32.94230769230769,1.1442307692307692,0.27884615384615385,0.8942307692307693,1.5384615384615385,1.24
Vince Carter,1.967032967032967,0.8461538461538461,0.8005494505494501,2.8183516483516486,19.296703296703296,13.659340659340659,0.18681318681318682,0.12087912087912088,0.5164835164835165,0.9340659340659341,1.0
Bradley Beal,6.169491525423729,2.864406779661017,2.0669491525423727,3.9886440677966095,47.52542372881356,29.610169491525422,0.711864406779661,0.2711864406779661,1.0,1.6610169491525424,1.4047619047619047
Jose Calderon,2.3972602739726026,1.0547945205479452,1.9482191780821918,4.167945205479453,68.45205479452055,58.24657534246575,1.0136986301369864,0.3561643835616438,0.8356164383561644,1.4657534246575343,1.1296296296296295
Andrew Wiggins,10.597560975609756,4.865853658536586,2.2804878048780486,3.911341463414633,44.926829268292686,22.658536585365855,0.5853658536585366,0.14634146341463414,1.2317073170731707,2.3536585365853657,1.5538461538461539
Jabari Parker,6.987179487179487,3.6025641025641026,2.2712820512820513,4.317051282051281,51.46153846153846,35.705128205128204,0.5384615384615384,0.23076923076923078,2.0384615384615383,3.6538461538461537,2.12
CJ McCollum,9.597826086956522,3.902173913043478,2.605326086956521,4.442717391304347,68.91304347826087,44.80434782608695,1.2282608695652173,0.6304347826086957,1.108695652173913,2.0434782608695654,1.3972602739726028
Dewayne Dedmon,1.6296296296296295,0.8765432098765432,0.6207407407407408,3.012716049382716,11.592592592592593,8.54320987654321,0.04938271604938271,0.0,1.2469135802469136,2.6296296296296298,2.1041666666666665
Nick Young,2.3333333333333335,0.7976190476190477,0.7925000000000002,2.4638095238095237,14.095238095238095,8.511904761904763,0.13095238095238096,0.05952380952380952,0.5,0.8452380952380952,1.0769230769230769
Kosta Koufos,3.6354166666666665,1.84375,1.124583333333333,3.5282291666666676,20.604166666666668,14.28125,0.10416666666666667,0.08333333333333333,2.0416666666666665,4.260416666666667,2.684931506849315
Toney Douglas,2.152941176470588,0.9294117647058824,1.1509411764705884,3.364,30.011764705882353,22.32941176470588,0.27058823529411763,0.09411764705882353,0.36470588235294116,0.5764705882352941,0.9393939393939394
Cole Aldrich,1.889908256880734,1.1009174311926606,0.5557798165137614,2.5766972477064227,16.321100917431192,12.788990825688073,0.05504587155963303,0.01834862385321101,1.2935779816513762,2.623853211009174,2.3114754098360657
Shabazz Muhammad,5.378048780487805,2.597560975609756,1.4387804878048773,4.226463414634147,21.5,10.475609756097562,0.13414634146341464,0.07317073170731707,0.7195121951219512,1.2560975609756098,1.1132075471698113
Lance Thomas,2.753623188405797,1.173913043478261,1.3776811594202896,3.713333333333333,28.202898550724637,20.391304347826086,0.18840579710144928,0.10144927536231885,0.4927536231884058,1.0579710144927537,0.8717948717948718
Dwight Powell,1.8505747126436782,0.9540229885057471,0.8989655172413795,3.6554022988505763,22.655172413793103,17.24137931034483,0.11494252873563218,0.05747126436781609,1.2183908045977012,2.5057471264367814,1.8596491228070176
Marvin Williams,3.1869158878504673,1.5700934579439252,1.6677570093457947,3.444579439252336,45.64485981308411,36.495327102803735,0.308411214953271,0.1588785046728972,1.719626168224299,3.691588785046729,2.216867469879518
Raul Neto,1.975609756097561,0.8414634146341463,1.3554878048780488,4.420609756097561,40.609756097560975,32.1219512195122,0.36585365853658536,0.24390243902439024,0.5975609756097561,1.146341463414634,0.98
Bismack Biyombo,2.7058823529411766,1.4901960784313726,1.5106862745098033,3.9954901960784315,30.46078431372549,24.245098039215687,0.16666666666666666,0.058823529411764705,2.911764705882353,6.519607843137255,3.0618556701030926
Deron Williams,4.925925925925926,1.9382716049382716,1.8497530864197536,3.52395061728395,73.1604938271605,57.97530864197531,1.1358024691358024,0.5679012345679012,0.7777777777777778,1.345679012345679,1.2352941176470589
Willie CauleyStein,3.1944444444444446,1.7222222222222223,1.4747222222222218,4.154166666666667,20.819444444444443,14.541666666666666,0.2361111111111111,0.06944444444444445,1.6111111111111112,3.2777777777777777,1.9333333333333333
Ben McLemore,2.36144578313253,1.0602409638554218,1.367349397590362,3.8599999999999985,20.337349397590362,12.55421686746988,0.1686746987951807,0.10843373493975904,0.7228915662650602,1.3253012048192772,1.2
PJ Tucker,4.060975609756097,1.7195121951219512,2.0678048780487805,4.025853658536587,41.63414634146341,31.21951219512195,0.5975609756097561,0.24390243902439024,1.0853658536585367,2.158536585365854,1.4126984126984128
Steve Blake,0.7685185185185185,0.25925925925925924,0.7033333333333333,2.524722222222223,24.62037037037037,19.814814814814813,0.5,0.2777777777777778,0.35185185185185186,0.5833333333333334,1.027027027027027
Robert Covington,4.0843373493975905,1.5542168674698795,1.6083132530120479,3.409277108433735,42.33734939759036,29.843373493975903,0.24096385542168675,0.07228915662650602,1.7469879518072289,3.1204819277108435,2.3015873015873014
Patrick Beverley,3.0617283950617282,1.271604938271605,2.0333333333333328,4.277901234567902,52.80246913580247,41.333333333333336,0.9753086419753086,0.4074074074074074,0.9506172839506173,1.5925925925925926,1.305084745762712
KarlAnthony Towns,7.780487804878049,4.402439024390244,2.1023170731707324,3.9495121951219514,54.84146341463415,35.84146341463415,0.5609756097560976,0.3048780487804878,4.121951219512195,8.21951219512195,4.3896103896103895
Anthony Tolliver,0.686046511627907,0.27906976744186046,1.1033720930232558,3.6531395348837203,25.686046511627907,20.75581395348837,0.1511627906976744,0.09302325581395349,1.0116279069767442,1.9534883720930232,1.4745762711864407
Archie Goodwin,3.4878048780487805,1.5121951219512195,0.9724390243902437,3.0204878048780492,28.926829268292682,20.158536585365855,0.45121951219512196,0.14634146341463414,0.4878048780487805,0.8780487804878049,1.0
Taj Gibson,3.5142857142857142,1.8285714285714285,1.2682857142857145,2.8886666666666674,25.79047619047619,18.99047619047619,0.34285714285714286,0.06666666666666667,1.7428571428571429,3.580952380952381,2.652173913043478
Anthony Davis,9.205479452054794,4.712328767123288,1.9382191780821916,3.283424657534247,56.83561643835616,35.93150684931507,0.273972602739726,0.1917808219178082,2.287671232876712,4.767123287671233,2.9298245614035086
Doug McDermott,3.927710843373494,1.819277108433735,1.7022891566265064,4.424939759036143,24.397590361445783,14.80722891566265,0.25301204819277107,0.03614457831325301,1.036144578313253,1.7228915662650603,1.323076923076923
CJ Miles,3.9310344827586206,1.632183908045977,1.2034482758620693,3.2995402298850576,25.298850574712645,15.298850574712644,0.20689655172413793,0.12643678160919541,0.8390804597701149,1.7586206896551724,1.3518518518518519
John Wall,8.077922077922079,3.5324675324675323,2.3837662337662344,3.9636363636363634,98.23376623376623,70.79220779220779,1.9610389610389611,0.948051948051948,1.12987012987013,1.922077922077922,1.4262295081967213
Solomon Hill,1.3333333333333333,0.6,0.7997777777777778,2.885777777777778,17.355555555555554,13.366666666666667,0.2,0.14444444444444443,0.5444444444444444,1.0666666666666667,1.1951219512195121
Robin Lopez,6.341463414634147,3.426829268292683,1.8554878048780485,4.125975609756098,44.80487804878049,33.41463414634146,0.3170731707317073,0.08536585365853659,3.4878048780487805,7.7073170731707314,3.575
Tim Frazier,1.8732394366197183,0.7746478873239436,0.7429577464788734,2.9909859154929577,25.549295774647888,19.464788732394368,0.4507042253521127,0.2676056338028169,0.30985915492957744,0.5492957746478874,1.2222222222222223
Ish Smith,5.88659793814433,2.4742268041237114,1.7601030927835053,3.645876288659793,65.97938144329896,50.79381443298969,0.8041237113402062,0.3917525773195876,1.2061855670103092,1.9381443298969072,1.7462686567164178
Lance Stephenson,2.5238095238095237,1.2952380952380953,0.9319047619047619,2.8055238095238098,20.409523809523808,13.095238095238095,0.29523809523809524,0.1523809523809524,0.3619047619047619,0.6571428571428571,0.8837209302325582
E'Twaun Moore,2.0693069306930694,0.9801980198019802,0.9298019801980196,2.590792079207921,20.02970297029703,14.683168316831683,0.5445544554455446,0.0594059405940594,0.44554455445544555,0.9504950495049505,1.125
Brandon Knight,5.35064935064935,2.4545454545454546,1.7472727272727275,2.9122077922077927,55.76623376623377,37.96103896103896,0.935064935064935,0.23376623376623376,0.5974025974025974,0.935064935064935,1.2432432432432432
Carmelo Anthony,9.054945054945055,3.868131868131868,1.7607692307692313,3.0119780219780217,53.54945054945055,33.65934065934066,0.6703296703296703,0.21978021978021978,0.9230769230769231,1.6813186813186813,1.4736842105263157
Jae Crowder,4.4625,2.075,2.1271249999999995,4.02125,48.0125,33.725,0.5125,0.2375,1.5625,2.4875,1.838235294117647
Spencer Hawes,1.6304347826086956,0.6630434782608695,0.7966304347826088,2.7448913043478256,18.293478260869566,13.521739130434783,0.21739130434782608,0.10869565217391304,1.3478260869565217,2.6847826086956523,2.2962962962962963
Elfrid Payton,5.807228915662651,2.674698795180723,1.976867469879519,3.9965060240963868,65.26506024096386,51.265060240963855,1.0843373493975903,0.46987951807228917,1.0843373493975903,1.6867469879518073,1.6363636363636365
Thabo Sefolosha,1.3565891472868217,0.7364341085271318,1.0720155038759691,2.784806201550387,24.11627906976744,19.069767441860463,0.32558139534883723,0.08527131782945736,0.7054263565891473,1.317829457364341,1.318840579710145
Kyle Korver,2.4642857142857144,1.0,1.7363392857142854,3.4513392857142846,26.705357142857142,18.732142857142858,0.42857142857142855,0.10714285714285714,1.4285714285714286,2.5714285714285716,1.9047619047619047
Brandon Bass,2.2358490566037736,1.2264150943396226,0.8722641509433965,2.5654716981132086,16.339622641509433,11.716981132075471,0.12264150943396226,0.0660377358490566,1.1415094339622642,2.150943396226415,2.086206896551724
Kris Humphries,1.6285714285714286,0.7142857142857143,0.9055714285714282,3.4775714285714296,25.428571428571427,18.957142857142856,0.2714285714285714,0.0,1.5714285714285714,2.942857142857143,2.037037037037037
JaMychal Green,3.5402298850574714,1.7816091954022988,1.2372413793103447,4.01137931034483,29.57471264367816,21.333333333333332,0.14942528735632185,0.14942528735632185,1.0689655172413792,2.218390804597701,1.4090909090909092
Timofey Mozgov,2.2142857142857144,1.2053571428571428,0.8966964285714284,3.399553571428572,17.25,12.616071428571429,0.08928571428571429,0.017857142857142856,1.6517857142857142,3.3660714285714284,2.3417721518987342
Justin Holiday,1.380281690140845,0.4084507042253521,0.7798591549295774,3.1363380281690136,12.71830985915493,8.295774647887324,0.2112676056338028,0.14084507042253522,0.5492957746478874,1.2253521126760563,1.1818181818181819
Garrett Temple,2.268292682926829,1.0121951219512195,1.7318292682926828,4.25768292682927,30.926829268292682,22.036585365853657,0.45121951219512196,0.13414634146341464,0.9024390243902439,1.7804878048780488,1.2333333333333334
Hassan Whiteside,6.77906976744186,4.116279069767442,1.8054651162790698,3.728604651162791,38.68604651162791,25.348837209302324,0.2441860465116279,0.046511627906976744,4.662790697674419,9.918604651162791,4.950617283950617
Anthony Morrow,1.3877551020408163,0.5510204081632653,0.6961224489795916,3.292857142857143,9.0,4.846938775510204,0.04081632653061224,0.030612244897959183,0.35714285714285715,0.673469387755102,0.813953488372093
Amar'e Stoudemire,1.8617021276595744,1.0319148936170213,0.5956382978723406,2.58904255319149,11.925531914893616,8.042553191489361,0.07446808510638298,0.010638297872340425,1.2659574468085106,2.478723404255319,2.0517241379310347
Ramon Sessions,3.9680851063829787,1.946808510638298,1.2372340425531918,3.6614893617021296,37.351063829787236,26.872340425531913,0.4574468085106383,0.32978723404255317,0.4574468085106383,0.8085106382978723,0.9772727272727273
Ricky Rubio,2.871794871794872,1.1025641025641026,2.082179487179486,4.094102564102562,75.74358974358974,59.5,1.2692307692307692,1.0256410256410255,1.064102564102564,1.7307692307692308,1.5660377358490567
Bobby Portis,2.9759036144578315,1.2530120481927711,0.9756626506024096,3.319277108433736,24.63855421686747,17.650602409638555,0.20481927710843373,0.060240963855421686,1.4939759036144578,2.7710843373493974,2.066666666666667
Rudy Gay,6.977777777777778,3.1666666666666665,1.8577777777777786,3.2903333333333324,41.166666666666664,25.7,0.4666666666666667,0.17777777777777778,1.5444444444444445,2.8222222222222224,2.171875
Matthew Dellavedova,2.5408163265306123,0.9591836734693877,1.4919387755102045,4.096632653061224,46.765306122448976,37.36734693877551,0.9591836734693877,0.4387755102040816,0.6836734693877551,1.2959183673469388,1.0634920634920635
Quincy Acy,,,,,,,,,,,
Dwyane Wade,6.607843137254902,2.973856209150327,1.1855555555555548,2.2921568627450983,33.830065359477125,19.986928104575163,0.30718954248366015,0.30718954248366015,0.5555555555555556,1.0130718954248366,1.1805555555555556
Patrick Patterson,2.35,1.1,1.6810000000000007,3.857600000000001,40.73,32.94,0.43,0.14,1.46,3.02,1.6404494382022472
Isaiah Canaan,3.1566265060240966,0.9759036144578314,1.455301204819277,3.2797590361445788,39.44578313253012,28.867469879518072,0.40963855421686746,0.13253012048192772,0.5301204819277109,0.9879518072289156,1.0731707317073171
Gordon Hayward,6.534883720930233,2.802325581395349,2.3590697674418597,3.9216279069767452,62.69767441860465,41.674418604651166,0.6395348837209303,0.46511627906976744,0.7441860465116279,1.3488372093023255,1.1228070175438596
Marco Belinelli,2.9404761904761907,1.1547619047619047,1.4421428571428574,3.530357142857144,27.452380952380953,17.154761904761905,0.4523809523809524,0.20238095238095238,0.6309523809523809,0.9642857142857143,1.2619047619047619
Ronnie Price,1.5555555555555556,0.5138888888888888,1.2452777777777777,3.8474999999999997,36.916666666666664,30.180555555555557,0.6111111111111112,0.2777777777777778,0.19444444444444445,0.4027777777777778,0.6666666666666666
Rodney Hood,6.432098765432099,2.6296296296296298,2.1585185185185196,4.037777777777778,53.27160493827161,36.95061728395062,0.7654320987654321,0.2839506172839506,0.9753086419753086,1.7654320987654322,1.2153846153846153
Jonas Valanciunas,6.766233766233766,3.779220779220779,1.6037662337662344,3.7120779220779228,42.77922077922078,30.61038961038961,0.2857142857142857,0.07792207792207792,3.3506493506493507,6.558441558441558,3.7941176470588234
Kyle Anderson,1.935483870967742,0.8172043010752689,1.053333333333333,4.0679569892473095,25.419354838709676,19.946236559139784,0.46236559139784944,0.16129032258064516,0.5053763440860215,1.064516129032258,0.8867924528301887
Trevor Booker,3.182926829268293,1.6097560975609757,1.4215853658536592,4.14121951219512,41.03658536585366,34.02439024390244,0.1951219512195122,0.10975609756097561,1.3048780487804879,2.3902439024390243,1.5735294117647058
Bojan Bogdanovic,4.560975609756097,2.0121951219512195,1.7958536585365852,4.035243902439026,31.158536585365855,18.878048780487806,0.2926829268292683,0.13414634146341464,1.2682926829268293,1.9390243902439024,1.6
Omer Asik,1.6893203883495145,0.8640776699029126,0.7589320388349511,2.6363106796116518,18.660194174757283,15.388349514563107,0.0970873786407767,0.019417475728155338,1.5339805825242718,2.9320388349514563,2.507936507936508
Jerian Grant,2.8048780487804876,1.170731707317073,1.1097560975609753,4.022317073170732,36.02439024390244,28.365853658536587,0.6951219512195121,0.13414634146341464,0.6463414634146342,1.2804878048780488,1.0816326530612246
Jahlil Okafor,9.774193548387096,5.161290322580645,1.7682258064516123,3.554354838709678,45.88709677419355,27.596774193548388,0.25806451612903225,0.11290322580645161,3.435483870967742,6.854838709677419,3.9444444444444446
Dante Cunningham,1.8426966292134832,0.8876404494382022,1.6558426966292135,4.051011235955056,24.191011235955056,18.280898876404493,0.30337078651685395,0.07865168539325842,1.1235955056179776,1.9101123595505618,1.5151515151515151
Tristan Thompson,4.058252427184466,2.2524271844660193,1.9585436893203878,4.2509708737864065,35.262135922330096,27.368932038834952,0.27184466019417475,0.08737864077669903,3.1553398058252426,5.990291262135922,3.316326530612245
Marcelo Huertas,1.4878048780487805,0.6341463414634146,0.7714634146341464,2.819634146341464,23.317073170731707,18.646341463414632,0.2926829268292683,0.24390243902439024,0.3048780487804878,0.5365853658536586,1.0416666666666667
Charlie Villanueva,1.7674418604651163,0.8255813953488372,0.5483720930232557,3.08360465116279,13.69767441860465,8.94186046511628,0.023255813953488372,0.03488372093023256,0.5813953488372093,1.0348837209302326,1.4285714285714286
Marreese Speights,2.305084745762712,0.8559322033898306,0.558220338983051,3.146949152542373,18.04237288135593,11.542372881355933,0.16101694915254236,0.03389830508474576,1.076271186440678,2.2033898305084745,1.6933333333333334
Joffrey Lauvergne,2.6962025316455698,1.4556962025316456,0.909367088607595,3.0915189873417717,23.658227848101266,17.025316455696203,0.17721518987341772,0.012658227848101266,1.3164556962025316,2.5569620253164556,2.0
Chase Budinger,1.5731707317073171,0.7439024390243902,0.8247560975609757,3.5074390243902434,14.439024390243903,10.036585365853659,0.24390243902439024,0.14634146341463414,0.43902439024390244,0.8048780487804879,0.8571428571428571
Tobias Harris,6.7682926829268295,3.4146341463414633,2.2979268292682926,4.168170731707317,54.926829268292686,39.46341463414634,0.5853658536585366,0.15853658536585366,1.7317073170731707,3.292682926829268,1.9452054794520548
Markel Brown,1.951219512195122,0.7682926829268293,0.8398780487804877,3.124024390243902,17.390243902439025,11.536585365853659,0.24390243902439024,0.0975609756097561,0.5975609756097561,1.0121951219512195,1.3611111111111112
Lou Williams,3.9565217391304346,1.608695652173913,1.3265217391304345,2.8129347826086946,30.652173913043477,18.869565217391305,0.34782608695652173,0.13043478260869565,0.5869565217391305,1.0,1.173913043478261
Boris Diaw,2.2542372881355934,1.3135593220338984,0.9283898305084745,3.0742372881355946,27.389830508474578,21.864406779661017,0.3898305084745763,0.13559322033898305,1.0,1.9152542372881356,1.6164383561643836
Ian Mahinmi,3.225,1.9833333333333334,1.1297499999999998,2.663749999999999,26.883333333333333,20.508333333333333,0.26666666666666666,0.10833333333333334,2.066666666666667,4.266666666666667,3.263157894736842
Allen Crabbe,3.6236559139784945,1.5806451612903225,1.841935483870968,4.224516129032258,30.795698924731184,20.559139784946236,0.40860215053763443,0.17204301075268819,0.6344086021505376,1.2473118279569892,0.9365079365079365
Clint Capela,4.114942528735632,2.2298850574712645,1.2595402298850575,4.092298850574711,26.402298850574713,19.413793103448278,0.25287356321839083,0.034482758620689655,2.7586206896551726,5.540229885057471,2.926829268292683
Danny Green,1.6846153846153846,0.6538461538461539,1.365615384615384,3.1418461538461537,29.107692307692307,22.5,0.5076923076923077,0.05384615384615385,0.8923076923076924,1.8307692307692307,1.5064935064935066
Aaron Gordon,4.2625,2.2,1.7554999999999996,4.4094999999999995,38.4875,28.2,0.3875,0.15,1.7375,3.2375,2.0144927536231885
Russell Westbrook,7.654411764705882,3.4044117647058822,1.7000735294117653,2.928455882352943,63.61029411764706,41.38970588235294,1.0661764705882353,0.8088235294117647,0.7867647058823529,1.4558823529411764,1.3209876543209877
Trey Lyles,2.5365853658536586,1.170731707317073,1.1803658536585364,4.164146341463412,33.71951219512195,26.682926829268293,0.12195121951219512,0.08536585365853659,1.5609756097560976,2.817073170731707,1.8823529411764706
Dirk Nowitzki,5.963302752293578,2.6422018348623855,1.4077064220183484,2.691559633027522,41.027522935779814,26.89908256880734,0.44954128440366975,0.11926605504587157,2.4128440366972477,4.706422018348624,3.4155844155844157
Luc Mbah a Moute,1.4382022471910112,0.6966292134831461,1.0711235955056178,3.751348314606741,13.07865168539326,9.685393258426966,0.16853932584269662,0.07865168539325842,0.7415730337078652,1.4943820224719102,1.0819672131147542
DeMar DeRozan,12.168316831683168,5.316831683168317,2.3499009900990098,3.9018811881188107,60.475247524752476,34.97029702970297,0.7425742574257426,0.21782178217821782,0.9900990099009901,1.5940594059405941,1.2987012987012987
Tim Duncan,3.2818181818181817,1.6727272727272726,1.019909090909091,2.483272727272728,28.70909090909091,21.40909090909091,0.2727272727272727,0.10909090909090909,2.0727272727272728,4.454545454545454,3.3043478260869565
Wayne Ellington,2.658536585365854,1.0731707317073171,1.4236585365853656,4.029268292682925,22.926829268292682,14.74390243902439,0.32926829268292684,0.10975609756097561,0.7560975609756098,1.0975609756097562,1.24
Kelly Oubre,1.4878048780487805,0.6707317073170732,0.5914634146341465,3.2584146341463414,9.829268292682928,6.195121951219512,0.12195121951219512,0.036585365853658534,0.4634146341463415,0.7195121951219512,1.1515151515151516
Mason Plumlee,4.968085106382978,2.3617021276595747,1.7803191489361698,4.171489361702129,44.48936170212766,32.755319148936174,0.425531914893617,0.22340425531914893,4.180851063829787,7.872340425531915,4.271739130434782
Matt Barnes,2.7981651376146788,1.1376146788990826,1.5312844036697242,3.155779816513762,38.211009174311926,28.642201834862384,0.3577981651376147,0.11926605504587157,1.0458715596330275,1.7522935779816513,1.6764705882352942
Shabazz Napier,1.0657894736842106,0.3157894736842105,0.5863157894736842,3.2778947368421063,18.05263157894737,13.842105263157896,0.35526315789473684,0.06578947368421052,0.19736842105263158,0.3026315789473684,0.9375
Iman Shumpert,1.5609756097560976,0.5975609756097561,1.390853658536586,3.7236585365853654,22.21951219512195,16.170731707317074,0.35365853658536583,0.10975609756097561,0.45121951219512196,0.9634146341463414,0.8222222222222222
Andrew Nicholson,1.9759036144578312,1.036144578313253,0.6674698795180724,2.6710843373493978,14.674698795180722,9.74698795180723,0.08433734939759036,0.012048192771084338,1.072289156626506,1.9397590361445782,2.119047619047619
JJ Redick,4.0606060606060606,1.7373737373737375,1.7176767676767677,3.7012121212121203,28.595959595959595,16.454545454545453,0.37373737373737376,0.1919191919191919,0.5151515151515151,1.101010101010101,0.9444444444444444
Harrison Barnes,3.670103092783505,1.577319587628866,2.095051546391753,4.054123711340206,39.43298969072165,28.051546391752577,0.7010309278350515,0.07216494845360824,1.8865979381443299,3.216494845360825,2.4078947368421053
Ryan Anderson,4.527472527472527,1.89010989010989,1.4698901098901098,2.9004395604395596,33.637362637362635,20.318681318681318,0.37362637362637363,0.03296703296703297,1.7912087912087913,3.1868131868131866,2.629032258064516
Dennis Schroder,5.0,2.3152173913043477,1.4461956521739125,4.30217391304348,52.92391304347826,38.08695652173913,1.2391304347826086,0.2826086956521739,0.5108695652173914,1.076086956521739,0.8392857142857143
Serge Ibaka,2.3405797101449277,1.3043478260869565,1.4455797101449277,2.68782608695652,25.27536231884058,16.115942028985508,0.1956521739130435,0.057971014492753624,2.1956521739130435,5.021739130434782,3.2580645161290325
Tyson Chandler,2.3,1.35,1.0421999999999996,2.5721000000000003,27.56,22.15,0.27,0.1,1.8,3.44,2.8125
Jerryd Bayless,2.6,1.04,1.3472000000000002,2.8032000000000004,34.906666666666666,26.346666666666668,0.49333333333333335,0.16,0.5466666666666666,1.0266666666666666,1.1081081081081081
Richard Jefferson,1.6695652173913043,0.7043478260869566,0.962434782608696,3.213478260869564,17.16521739130435,11.97391304347826,0.24347826086956523,0.0782608695652174,0.5652173913043478,1.0,0.9558823529411765
Victor Oladipo,6.181818181818182,2.7532467532467533,2.284155844155844,4.17025974025974,54.857142857142854,36.5974025974026,0.8831168831168831,0.15584415584415584,1.2987012987012987,2.4935064935064934,1.5873015873015872
Tony Snell,1.8674698795180722,0.6626506024096386,1.1104819277108433,3.286506024096385,16.373493975903614,10.951807228915662,0.26506024096385544,0.12048192771084337,0.7710843373493976,1.4216867469879517,1.3333333333333333
Dion Waiters,4.126315789473685,1.6526315789473685,1.7919999999999996,3.910526315789472,29.86315789473684,17.642105263157895,0.3684210526315789,0.15789473684210525,0.8526315789473684,1.631578947368421,1.125
Kent Bazemore,4.053763440860215,1.8602150537634408,1.8882795698924726,4.010860215053765,44.43010752688172,31.419354838709676,0.7526881720430108,0.1935483870967742,1.053763440860215,1.989247311827957,1.4202898550724639
Nemanja Bjelica,1.2692307692307692,0.717948717948718,0.9591025641025641,3.207435897435897,28.192307692307693,23.705128205128204,0.34615384615384615,0.0641025641025641,1.4871794871794872,2.5128205128205128,2.188679245283019
Tayshaun Prince,0.967032967032967,0.4065934065934066,1.0538461538461537,3.3527472527472524,16.175824175824175,12.912087912087912,0.24175824175824176,0.02197802197802198,0.6813186813186813,1.2087912087912087,1.2653061224489797
Klay Thompson,7.946428571428571,3.5625,2.2360714285714285,3.9871428571428575,44.482142857142854,23.446428571428573,0.8839285714285714,0.24107142857142858,1.2142857142857142,2.294642857142857,1.619047619047619
Terrence Ross,3.6041666666666665,1.46875,1.527708333333334,4.093020833333337,22.916666666666668,13.572916666666666,0.16666666666666666,0.11458333333333333,0.5625,1.1666666666666667,0.8307692307692308
Gerald Henderson,3.376470588235294,1.4352941176470588,1.3830588235294117,4.170588235294118,24.8,15.141176470588235,0.29411764705882354,0.12941176470588237,0.5176470588235295,1.1764705882352942,0.7857142857142857
Andre Drummond,11.494252873563218,5.735632183908046,2.107931034482759,3.839540229885057,44.32183908045977,26.75862068965517,0.367816091954023,0.05747126436781609,4.172413793103448,8.022988505747126,4.270588235294118
Nicolas Batum,5.067415730337078,1.9887640449438202,2.0895505617977537,3.632359550561798,55.8876404494382,40.29213483146067,0.8089887640449438,0.550561797752809,1.3146067415730338,2.2808988764044944,1.6714285714285715
James Anderson,0.7070707070707071,0.30303030303030304,0.5340404040404042,2.2220202020202016,8.04040404040404,5.363636363636363,0.15151515151515152,0.030303030303030304,0.24242424242424243,0.5454545454545454,0.8888888888888888
Arron Afflalo,5.9655172413793105,2.4942528735632186,1.8912643678160916,3.4074712643678158,43.747126436781606,31.689655172413794,0.6206896551724138,0.25287356321839083,0.5862068965517241,0.9885057471264368,1.0
Cody Zeller,3.9411764705882355,2.223529411764706,1.658705882352942,4.168000000000002,25.729411764705883,17.470588235294116,0.4235294117647059,0.1411764705882353,2.6470588235294117,5.376470588235295,2.8846153846153846
Marcus Morris,6.103448275862069,2.7126436781609193,2.3781609195402305,3.9812643678160926,52.18390804597701,36.14942528735632,0.39080459770114945,0.27586206896551724,1.2873563218390804,2.1264367816091956,1.5774647887323943
Derrick Rose,7.072916666666667,2.96875,1.5638541666666665,2.9683333333333333,53.71875,38.260416666666664,0.9583333333333334,0.3020833333333333,0.75,1.2708333333333333,1.309090909090909
Myles Turner,3.588888888888889,1.9111111111111112,1.237666666666667,3.198333333333334,27.4,18.544444444444444,0.25555555555555554,0.07777777777777778,2.6777777777777776,5.4,3.6515151515151514
Luis Scola,3.198019801980198,1.5148514851485149,1.238415841584158,3.6470297029702965,32.960396039603964,24.792079207920793,0.38613861386138615,0.15841584158415842,1.396039603960396,2.4455445544554455,1.9583333333333333
Marcin Gortat,7.285714285714286,4.077922077922078,2.037272727272728,4.072597402597403,46.41558441558441,33.05194805194805,0.5324675324675324,0.06493506493506493,3.8701298701298703,7.4935064935064934,4.082191780821918
Kawhi Leonard,5.214876033057851,2.677685950413223,1.6644628099173564,3.0202479338842974,36.35537190082645,22.049586776859503,0.5454545454545454,0.11570247933884298,0.7851239669421488,1.7520661157024793,1.507936507936508
Devin Harris,2.473684210526316,1.2236842105263157,1.2413157894736842,3.6835526315789466,29.460526315789473,21.394736842105264,0.42105263157894735,0.19736842105263158,0.7763157894736842,1.144736842105263,1.3111111111111111
Shane Larkin,3.2439024390243905,1.5,1.5304878048780488,4.095000000000001,52.707317073170735,42.24390243902439,0.6951219512195121,0.45121951219512196,0.7804878048780488,1.451219512195122,1.1228070175438596
Darren Collison,4.0638297872340425,1.851063829787234,1.647765957446808,3.3038297872340414,46.91489361702128,34.59574468085106,0.7978723404255319,0.35106382978723405,0.4574468085106383,0.648936170212766,1.075
Justin Anderson,1.0256410256410255,0.47435897435897434,0.6805128205128206,3.367179487179487,14.576923076923077,10.653846153846153,0.10256410256410256,0.07692307692307693,0.358974358974359,0.6538461538461539,0.9032258064516129
JaKarr Sampson,2.5875,1.2375,1.0668749999999998,4.075124999999999,16.975,10.7,0.225,0.0125,0.9,1.875,1.2857142857142858
Nerlens Noel,4.807228915662651,2.4819277108433737,1.6350602409638553,3.35578313253012,44.144578313253014,33.036144578313255,0.27710843373493976,0.1566265060240964,3.2771084337349397,6.710843373493976,4.059701492537314
Giannis Antetokounmpo,7.939024390243903,4.2560975609756095,2.354024390243902,4.009024390243902,67.65853658536585,48.19512195121951,0.8170731707317073,0.3048780487804878,2.4634146341463414,4.951219512195122,2.6233766233766236
Andre Iguodala,2.0636363636363635,0.9454545454545454,1.5458181818181813,3.328727272727272,35.32727272727273,27.48181818181818,0.8363636363636363,0.2636363636363636,0.6909090909090909,1.2636363636363637,1.2258064516129032
Stanley Johnson,3.511904761904762,1.4880952380952381,1.5541666666666665,4.033095238095238,31.797619047619047,21.142857142857142,0.19047619047619047,0.2976190476190476,0.7380952380952381,1.2857142857142858,1.1481481481481481
Alonzo Gee,1.6585365853658536,0.8536585365853658,1.4930487804878045,4.0406097560975605,19.353658536585368,14.658536585365853,0.25609756097560976,0.06097560975609756,0.926829268292683,1.5853658536585367,1.3571428571428572
Gary Harris,4.875,2.35,2.1559999999999997,4.0485,32.2375,19.3375,0.375,0.2375,0.925,1.6125,1.3214285714285714
Chris Bosh,3.3137254901960786,1.6372549019607843,1.0939215686274508,1.956960784313726,33.254901960784316,22.69607843137255,0.2549019607843137,0.049019607843137254,1.3235294117647058,2.6470588235294117,2.5961538461538463
Evan Fournier,5.0875,2.5375,2.3712499999999994,4.3839999999999995,47.9,31.375,0.6375,0.1875,1.15,1.95,1.4603174603174602
Mario Hezonja,1.9036144578313252,0.8192771084337349,1.2834939759036148,4.2950602409638545,23.313253012048193,16.10843373493976,0.3614457831325301,0.14457831325301204,0.891566265060241,1.3132530120481927,1.3703703703703705
Jared Dudley,1.3658536585365855,0.6829268292682927,1.832560975609757,4.258536585365854,45.951219512195124,37.51219512195122,0.5121951219512195,0.2926829268292683,2.317073170731707,4.2439024390243905,2.6027397260273974
John Henson,3.1875,1.7625,0.8110000000000002,2.8968750000000005,16.5125,10.9,0.2,0.0875,1.6,3.7375,2.2857142857142856
Rashad Vaughn,1.5696202531645569,0.4177215189873418,0.9181012658227846,3.8854430379746843,11.316455696202532,7.215189873417722,0.11392405063291139,0.012658227848101266,0.45569620253164556,0.7721518987341772,1.0
Andre Roberson,1.8977272727272727,0.9772727272727273,1.7014772727272727,4.479431818181817,18.84090909090909,13.261363636363637,0.23863636363636365,0.056818181818181816,1.1022727272727273,2.1704545454545454,1.3857142857142857
Jonas Jerebko,1.7529411764705882,0.788235294117647,1.1199999999999999,4.197647058823532,27.294117647058822,21.71764705882353,0.3411764705882353,0.08235294117647059,1.0705882352941176,2.0941176470588236,1.4
Aron Baynes,3.2613636363636362,1.625,0.9762499999999998,3.9000000000000017,17.46590909090909,11.261363636363637,0.18181818181818182,0.045454545454545456,2.465909090909091,4.693181818181818,2.6790123456790123
Markieff Morris,4.779220779220779,2.155844155844156,1.347922077922078,3.1980519480519485,38.753246753246756,26.415584415584416,0.4025974025974026,0.18181818181818182,1.2597402597402598,2.3506493506493507,1.6724137931034482
Alex Len,5.0,2.207317073170732,1.4924390243902437,3.8559756097560967,37.390243902439025,25.73170731707317,0.2682926829268293,0.036585365853658534,2.707317073170732,5.317073170731708,2.96
Dwight Howard,5.957446808510638,3.5106382978723403,1.6924468085106383,3.1345744680851073,44.95744680851064,33.04255319148936,0.43617021276595747,0.09574468085106383,2.882978723404255,5.787234042553192,3.6133333333333333
Paul Pierce,1.4521739130434783,0.5217391304347826,0.698608695652174,2.379043478260869,16.973913043478262,11.91304347826087,0.14782608695652175,0.06086956521739131,0.6956521739130435,1.4086956521739131,1.3333333333333333
Patty Mills,1.6428571428571428,0.7698412698412699,1.1534126984126987,3.4587301587301593,33.57936507936508,26.134920634920636,0.5555555555555556,0.1349206349206349,0.3492063492063492,0.5476190476190477,0.9777777777777777
Greg Monroe,9.536585365853659,5.036585365853658,1.831829268292683,3.7556097560975608,45.19512195121951,28.890243902439025,0.5487804878048781,0.2926829268292683,3.707317073170732,7.2073170731707314,3.948051948051948
Emmanuel Mudiay,6.6891891891891895,2.3783783783783785,2.073648648648649,4.102027027027028,68.9054054054054,49.770270270270274,1.162162162162162,0.5675675675675675,1.1486486486486487,2.2567567567567566,1.4166666666666667
Kristaps Porzingis,5.609756097560975,2.268292682926829,1.6890243902439024,3.574146341463413,50.792682926829265,35.81707317073171,0.4024390243902439,0.13414634146341464,2.8536585365853657,5.926829268292683,3.4411764705882355
Chandler Parsons,5.634920634920635,2.7777777777777777,1.9969841269841275,4.108253968253967,50.12698412698413,34.95238095238095,0.4603174603174603,0.20634920634920634,0.7777777777777778,1.5396825396825398,1.1666666666666667
Ed Davis,3.3627450980392157,1.9803921568627452,1.2849999999999997,3.7812745098039198,29.725490196078432,23.61764705882353,0.2549019607843137,0.06862745098039216,2.2745098039215685,4.745098039215686,2.6363636363636362
Gerald Green,3.2551020408163267,1.2857142857142858,1.1868367346938775,3.4524489795918365,19.020408163265305,10.96938775510204,0.1326530612244898,0.11224489795918367,0.6020408163265306,1.1122448979591837,1.1132075471698113
Nikola Mirotic,3.013888888888889,1.3611111111111112,1.6031944444444446,3.863611111111111,42.708333333333336,30.569444444444443,0.4861111111111111,0.125,1.9722222222222223,3.888888888888889,2.3278688524590163
Otto Porter,2.902439024390244,1.4634146341463414,2.0502439024390235,4.065,35.30487804878049,24.085365853658537,0.43902439024390244,0.12195121951219512,1.0975609756097562,1.9878048780487805,1.4516129032258065
Nikola Jokic,4.746987951807229,2.5301204819277108,1.4512048192771085,4.051686746987951,42.24096385542169,31.204819277108435,0.3253012048192771,0.1686746987951807,2.5783132530120483,5.144578313253012,2.9315068493150687
DJ Augustin,1.9555555555555555,0.8,0.8859999999999998,2.805999999999999,27.466666666666665,20.433333333333334,0.5666666666666667,0.24444444444444444,0.3888888888888889,0.5333333333333333,1.0606060606060606
Jimmy Butler,7.224719101123595,3.3707865168539324,2.0058426966292124,3.280786516853931,51.70786516853933,34.1123595505618,0.797752808988764,0.20224719101123595,1.4157303370786516,2.6179775280898876,2.1
Andrew Bogut,2.378640776699029,1.4077669902912622,1.108446601941748,3.368058252427184,31.398058252427184,25.990291262135923,0.6116504854368932,0.04854368932038835,2.3300970873786406,5.106796116504855,2.823529411764706
Derrick Favors,5.811764705882353,3.3411764705882354,1.5634117647058818,2.9311764705882357,49.4,36.35294117647059,0.4235294117647059,0.08235294117647059,2.5176470588235293,5.258823529411765,3.5081967213114753
Johnny O'Bryant,1.3658536585365855,0.5365853658536586,0.7501219512195122,3.420243902439025,15.914634146341463,12.439024390243903,0.07317073170731707,0.06097560975609756,0.7926829268292683,1.5121951219512195,1.4444444444444444
Jrue Holiday,5.5,2.55,1.3385000000000002,2.8492000000000006,43.6,29.58,0.69,0.5,0.78,1.29,1.5
Terrence Jones,3.652173913043478,1.681159420289855,1.061449275362319,3.0342028985507246,25.10144927536232,17.55072463768116,0.18840579710144928,0.07246376811594203,1.5942028985507246,3.130434782608696,2.2448979591836733
Jeremy Lin,4.797752808988764,2.0786516853932584,1.786629213483145,4.068426966292133,45.674157303370784,30.382022471910112,0.7528089887640449,0.33707865168539325,1.0337078651685394,1.8202247191011236,1.393939393939394
Alexis Ajinca,2.2,1.075,0.7217500000000003,3.01425,18.975,13.55,0.1375,0.025,1.1375,2.275,1.75
Tyler Zeller,1.9545454545454546,0.9886363636363636,0.5905681818181819,3.0115909090909083,14.113636363636363,9.25,0.17045454545454544,0.06818181818181818,1.3068181818181819,2.4431818181818183,2.169811320754717
Paul George,7.614035087719298,2.956140350877193,1.926491228070175,3.2933333333333343,52.219298245614034,30.982456140350877,0.6491228070175439,0.34210526315789475,1.1666666666666667,2.263157894736842,1.6024096385542168
